samplename,description,protocol,adapters
13_plasma-1-TruSeq,13_plasma-1-TruSeq,TruSeq,"TGGAATTCTCGGGTGCCAAGGAACTCCAG"
14_plasma-2-TruSeq,14_plasma-2-TruSeq,TruSeq,"TGGAATTCTCGGGTGCCAAGGAACTCCAG"
15_plasma-3-TruSeq,15_plasma-3-TruSeq,TruSeq,"TGGAATTCTCGGGTGCCAAGGAACTCCAG"
16_plasma-4-TruSeq,16_plasma-4-TruSeq,TruSeq,"TGGAATTCTCGGGTGCCAAGGAACTCCAG"
29_plasma-1-4N,29_plasma-1-4N,4N,"4N, TGGAATTCTCGGGTGCCAAGGAACTCCAG"
30_plasma-2-4N,30_plasma-2-4N,4N,"4N, TGGAATTCTCGGGTGCCAAGGAACTCCAG"
31_plasma-3-4N,31_plasma-3-4N,4N,"4N, TGGAATTCTCGGGTGCCAAGGAACTCCAG"
32_plasma-4-4N,32_plasma-4-4N,4N,"4N, TGGAATTCTCGGGTGCCAAGGAACTCCAG"
4N-Plasma-1_S85398_GAGTGG,4N-Plasma-1_S85398_GAGTGG,4N,"4N, TGGAATTCTCGGGTGCCAAGGAACTCCAG"
4N-Plasma-2_S85399_GGTAGC,4N-Plasma-2_S85399_GGTAGC,4N,"4N, TGGAATTCTCGGGTGCCAAGGAACTCCAG"
4N-Plasma-3_S85400_ACTGAT,4N-Plasma-3_S85400_ACTGAT,4N,"4N, TGGAATTCTCGGGTGCCAAGGAACTCCAG"
4N-Plasma-4_S85401_ATGAGC,4N-Plasma-4_S85401_ATGAGC,4N,"4N, TGGAATTCTCGGGTGCCAAGGAACTCCAG"
DE-PlasmaMP-NEB-1_S1_R1_001,DE-PlasmaMP-NEB-1_S1_R1_001,NEBNext,"AGATCGGAAGAGCACACGTCTGAACTCC"
DE-PlasmaMP-NEB-2_S2_R1_001,DE-PlasmaMP-NEB-2_S2_R1_001,NEBNext,"AGATCGGAAGAGCACACGTCTGAACTCC"
DE-PlasmaMP-NEB-3_S3_R1_001,DE-PlasmaMP-NEB-3_S3_R1_001,NEBNext,"AGATCGGAAGAGCACACGTCTGAACTCC"
DE-PlasmaMP-NEB-4_S4_R1_001,DE-PlasmaMP-NEB-4_S4_R1_001,NEBNext,"AGATCGGAAGAGCACACGTCTGAACTCC"
DG-PlasmaMP-NEB-1_S18_R1_001,DG-PlasmaMP-NEB-1_S18_R1_001,NEBNext,"AGATCGGAAGAGCACACGTCTGAACTCC"
DG-PlasmaMP-NEB-2_S19_R1_001,DG-PlasmaMP-NEB-2_S19_R1_001,NEBNext,"AGATCGGAAGAGCACACGTCTGAACTCC"
DG-PlasmaMP-NEB-3_S20_R1_001,DG-PlasmaMP-NEB-3_S20_R1_001,NEBNext,"AGATCGGAAGAGCACACGTCTGAACTCC"
DG-PlasmaMP-NEB-4_S21_R1_001,DG-PlasmaMP-NEB-4_S21_R1_001,NEBNext,"AGATCGGAAGAGCACACGTCTGAACTCC"
IG1_PlasmaMP_NEB_1_R1__final,IG1_PlasmaMP_NEB_1_R1__final,NEBNext,"NNNNNNNNNNNNNNNNN"
IG2_PlasmaMP_NEB_2_R1__final,IG2_PlasmaMP_NEB_2_R1__final,NEBNext,"NNNNNNNNNNNNNNNNN"
IG3_PlasmaMP_NEB_3_R1__final,IG3_PlasmaMP_NEB_3_R1__final,NEBNext,"NNNNNNNNNNNNNNNNN"
IG4_PlasmaMP_NEB_4_R1__final,IG4_PlasmaMP_NEB_4_R1__final,NEBNext,"NNNNNNNNNNNNNNNNN"
IG5_TruSeq_PlasmaMP_1_R1__final,IG5_TruSeq_PlasmaMP_1_R1__final,TruSeq,"TGGAATTCTCGGGTGCCAAGGAACTCCAG"
IG6_TruSeq_PlasmaMP_2_R1__final,IG6_TruSeq_PlasmaMP_2_R1__final,TruSeq,"TGGAATTCTCGGGTGCCAAGGAACTCCAG"
IG7_TruSeq_PlasmaMP_3_R1__final,IG7_TruSeq_PlasmaMP_3_R1__final,TruSeq,"TGGAATTCTCGGGTGCCAAGGAACTCCAG"
IG8_TruSeq_PlasmaMP_4_R1__final,IG8_TruSeq_PlasmaMP_4_R1__final,TruSeq,"TGGAATTCTCGGGTGCCAAGGAACTCCAG"
NEB-Plasma-1_S85553_AGTCAA,NEB-Plasma-1_S85553_AGTCAA,NEBNext,"AGATCGGAAGAGCACACGTCTGAACTCC"
NEB-Plasma-2_S85554_AGTTCC,NEB-Plasma-2_S85554_AGTTCC,NEBNext,"AGATCGGAAGAGCACACGTCTGAACTCC"
NEB-Plasma-3_S85555_ATGTCA,NEB-Plasma-3_S85555_ATGTCA,NEBNext,"AGATCGGAAGAGCACACGTCTGAACTCC"
NEB-Plasma-4_S85556_CCGTCC,NEB-Plasma-4_S85556_CCGTCC,NEBNext,"AGATCGGAAGAGCACACGTCTGAACTCC"
PT_37_S5_L001_R1_001,PT_37_S5_L001_R1_001,TruSeq,"TGGAATTCTCGGGTGCCAAGGAACTCCAG"
PT_38_S6_L001_R1_001,PT_38_S6_L001_R1_001,TruSeq,"TGGAATTCTCGGGTGCCAAGGAACTCCAG"
PT_39_S7_L001_R1_001,PT_39_S7_L001_R1_001,TruSeq,"TGGAATTCTCGGGTGCCAAGGAACTCCAG"
PT_40_S8_L001_R1_001,PT_40_S8_L001_R1_001,TruSeq,"TGGAATTCTCGGGTGCCAAGGAACTCCAG"
Plas_G13_S13_L006_R1_001,Plas_G13_S13_L006_R1_001,4N,"4N, TGGAATTCTCGGGTGCCAAGGAACTCCAG"
Plas_G14_S14_L006_R1_001,Plas_G14_S14_L006_R1_001,4N,"4N, TGGAATTCTCGGGTGCCAAGGAACTCCAG"
Plas_G15_S15_L006_R1_001,Plas_G15_S15_L006_R1_001,4N,"4N, TGGAATTCTCGGGTGCCAAGGAACTCCAG"
Plas_G16_S16_L006_R1_001,Plas_G16_S16_L006_R1_001,4N,"4N, TGGAATTCTCGGGTGCCAAGGAACTCCAG"
Plas_N13_S13_L008_R1_001,Plas_N13_S13_L008_R1_001,NEBNext,"AGATCGGAAGAGCACACGTCTGAACTCC"
Plas_N14_S14_L008_R1_001,Plas_N14_S14_L008_R1_001,NEBNext,"AGATCGGAAGAGCACACGTCTGAACTCC"
Plas_N15_S15_L008_R1_001,Plas_N15_S15_L008_R1_001,NEBNext,"AGATCGGAAGAGCACACGTCTGAACTCC"
Plas_N16_S16_L008_R1_001,Plas_N16_S16_L008_R1_001,NEBNext,"AGATCGGAAGAGCACACGTCTGAACTCC"
Plasma4NG-1_63790_ATGAGC_S9_L006_R1_001,Plasma4NG-1_63790_ATGAGC_S9_L006_R1_001,4N,"4N, TGGAATTCTCGGGTGCCAAGGAACTCCAG"
Plasma4NG-2_63791_ATTCCT_S10_L006_R1_001,Plasma4NG-2_63791_ATTCCT_S10_L006_R1_001,4N,"4N, TGGAATTCTCGGGTGCCAAGGAACTCCAG"
Plasma4NG-3_63792_CAAAAG_S11_L006_R1_001,Plasma4NG-3_63792_CAAAAG_S11_L006_R1_001,4N,"4N, TGGAATTCTCGGGTGCCAAGGAACTCCAG"
Plasma4NG-4_63793_CAACTA_S12_L006_R1_001,Plasma4NG-4_63793_CAACTA_S12_L006_R1_001,4N,"4N, TGGAATTCTCGGGTGCCAAGGAACTCCAG"
Plasma4NXu-1_63794_CACCGG_S13_L006_R1_001,Plasma4NXu-1_63794_CACCGG_S13_L006_R1_001,4N,"4N, TGGAATTCTCGGGTGCCAAGGAACTCCAG"
Plasma4NXu-2_63795_CACGAT_S14_L006_R1_001,Plasma4NXu-2_63795_CACGAT_S14_L006_R1_001,4N,"4N, TGGAATTCTCGGGTGCCAAGGAACTCCAG"
Plasma4NXu-3_63796_CACTCA_S15_L006_R1_001,Plasma4NXu-3_63796_CACTCA_S15_L006_R1_001,4N,"4N, TGGAATTCTCGGGTGCCAAGGAACTCCAG"
Plasma4NXu-4_63797_CAGGCG_S16_L006_R1_001,Plasma4NXu-4_63797_CAGGCG_S16_L006_R1_001,4N,"4N, TGGAATTCTCGGGTGCCAAGGAACTCCAG"
PlasmaCleanTag1_63782_TGACCA_S1_L006_R1_001,PlasmaCleanTag1_63782_TGACCA_S1_L006_R1_001,CleanTag,"TGGAATTCTCGGGTGCCAAGGAACTCCAG"
PlasmaCleanTag2_63783_ACAGTG_S2_L006_R1_001,PlasmaCleanTag2_63783_ACAGTG_S2_L006_R1_001,CleanTag,"TGGAATTCTCGGGTGCCAAGGAACTCCAG"
PlasmaCleanTag3_63784_GCCAAT_S3_L006_R1_001,PlasmaCleanTag3_63784_GCCAAT_S3_L006_R1_001,CleanTag,"TGGAATTCTCGGGTGCCAAGGAACTCCAG"
PlasmaCleanTag4_63785_CAGATC_S4_L006_R1_001,PlasmaCleanTag4_63785_CAGATC_S4_L006_R1_001,CleanTag,"TGGAATTCTCGGGTGCCAAGGAACTCCAG"
PlasmaMP-Alt-1,PlasmaMP-Alt-1,4N,"4N, TGGAATTCTCGGGTGCCAAGGAACTCCAG"
PlasmaMP-Alt-2,PlasmaMP-Alt-2,4N,"4N, TGGAATTCTCGGGTGCCAAGGAACTCCAG"
PlasmaMP-Alt-3,PlasmaMP-Alt-3,4N,"4N, TGGAATTCTCGGGTGCCAAGGAACTCCAG"
PlasmaMP-Alt-4,PlasmaMP-Alt-4,4N,"4N, TGGAATTCTCGGGTGCCAAGGAACTCCAG"
PlasmaMP-TruSeq-1,PlasmaMP-TruSeq-1,TruSeq,"TGGAATTCTCGGGTGCCAAGGAACTCCAG"
PlasmaMP-TruSeq-2,PlasmaMP-TruSeq-2,TruSeq,"TGGAATTCTCGGGTGCCAAGGAACTCCAG"
PlasmaMP-TruSeq-3,PlasmaMP-TruSeq-3,TruSeq,"TGGAATTCTCGGGTGCCAAGGAACTCCAG"
PlasmaMP-TruSeq-4,PlasmaMP-TruSeq-4,TruSeq,"TGGAATTCTCGGGTGCCAAGGAACTCCAG"
PlasmaTruSeq-1_63786_CCGTCC_S5_L006_R1_001,PlasmaTruSeq-1_63786_CCGTCC_S5_L006_R1_001,TruSeq,"TGGAATTCTCGGGTGCCAAGGAACTCCAG"
PlasmaTruSeq-2_63787_GTAGAG_S6_L006_R1_001,PlasmaTruSeq-2_63787_GTAGAG_S6_L006_R1_001,TruSeq,"TGGAATTCTCGGGTGCCAAGGAACTCCAG"
PlasmaTruSeq-3_63788_GTCCGC_S7_L006_R1_001,PlasmaTruSeq-3_63788_GTCCGC_S7_L006_R1_001,TruSeq,"TGGAATTCTCGGGTGCCAAGGAACTCCAG"
PlasmaTruSeq-4_63789_GTGAAA_S8_L006_R1_001,PlasmaTruSeq-4_63789_GTGAAA_S8_L006_R1_001,TruSeq,"TGGAATTCTCGGGTGCCAAGGAACTCCAG"
TruSeq_Plasma_1_S123_L008_R1_001,TruSeq_Plasma_1_S123_L008_R1_001,TruSeq,"4N, TGGAATTCTCGGGTGCCAAGGAACTCCAG"
TruSeq_Plasma_2_S124_L008_R1_001,TruSeq_Plasma_2_S124_L008_R1_001,TruSeq,"4N, TGGAATTCTCGGGTGCCAAGGAACTCCAG"
TruSeq_Plasma_3_S125_L008_R1_001,TruSeq_Plasma_3_S125_L008_R1_001,TruSeq,"4N, TGGAATTCTCGGGTGCCAAGGAACTCCAG"
TruSeq_Plasma_4_S126_L008_R1_001,TruSeq_Plasma_4_S126_L008_R1_001,TruSeq,"4N, TGGAATTCTCGGGTGCCAAGGAACTCCAG"
U01-plasma-A_S1_L001_R1_001,U01-plasma-A_S1_L001_R1_001,4N,"4N, TGGAATTCTCGGGTGCCAAGGAACTCCAG"
U01-plasma-A_S1_L002_R1_001,U01-plasma-A_S1_L002_R1_001,4N,"4N, TGGAATTCTCGGGTGCCAAGGAACTCCAG"
U01-plasma-A_S1_L003_R1_001,U01-plasma-A_S1_L003_R1_001,4N,"4N, TGGAATTCTCGGGTGCCAAGGAACTCCAG"
U01-plasma-A_S1_L004_R1_001,U01-plasma-A_S1_L004_R1_001,4N,"4N, TGGAATTCTCGGGTGCCAAGGAACTCCAG"
U01-plasma-B_S2_L001_R1_001,U01-plasma-B_S2_L001_R1_001,4N,"4N, TGGAATTCTCGGGTGCCAAGGAACTCCAG"
U01-plasma-B_S2_L002_R1_001,U01-plasma-B_S2_L002_R1_001,4N,"4N, TGGAATTCTCGGGTGCCAAGGAACTCCAG"
U01-plasma-B_S2_L003_R1_001,U01-plasma-B_S2_L003_R1_001,4N,"4N, TGGAATTCTCGGGTGCCAAGGAACTCCAG"
U01-plasma-B_S2_L004_R1_001,U01-plasma-B_S2_L004_R1_001,4N,"4N, TGGAATTCTCGGGTGCCAAGGAACTCCAG"
U01-plasma-C_S3_L001_R1_001,U01-plasma-C_S3_L001_R1_001,4N,"4N, TGGAATTCTCGGGTGCCAAGGAACTCCAG"
U01-plasma-C_S3_L002_R1_001,U01-plasma-C_S3_L002_R1_001,4N,"4N, TGGAATTCTCGGGTGCCAAGGAACTCCAG"
U01-plasma-C_S3_L003_R1_001,U01-plasma-C_S3_L003_R1_001,4N,"4N, TGGAATTCTCGGGTGCCAAGGAACTCCAG"
U01-plasma-C_S3_L004_R1_001,U01-plasma-C_S3_L004_R1_001,4N,"4N, TGGAATTCTCGGGTGCCAAGGAACTCCAG"
U01-plasma-D_S4_L001_R1_001,U01-plasma-D_S4_L001_R1_001,4N,"4N, TGGAATTCTCGGGTGCCAAGGAACTCCAG"
U01-plasma-D_S4_L002_R1_001,U01-plasma-D_S4_L002_R1_001,4N,"4N, TGGAATTCTCGGGTGCCAAGGAACTCCAG"
U01-plasma-D_S4_L003_R1_001,U01-plasma-D_S4_L003_R1_001,4N,"4N, TGGAATTCTCGGGTGCCAAGGAACTCCAG"
U01-plasma-D_S4_L004_R1_001,U01-plasma-D_S4_L004_R1_001,4N,"4N, TGGAATTCTCGGGTGCCAAGGAACTCCAG"
UCSF_Plasma_1_S139_L008_R1_001,UCSF_Plasma_1_S139_L008_R1_001,4N,"4N, TGGAATTCTCGGGTGCCAAGGAACTCCAG"
UCSF_Plasma_2_S140_L008_R1_001,UCSF_Plasma_2_S140_L008_R1_001,4N,"4N, TGGAATTCTCGGGTGCCAAGGAACTCCAG"
UCSF_Plasma_3_S141_L008_R1_001,UCSF_Plasma_3_S141_L008_R1_001,4N,"4N, TGGAATTCTCGGGTGCCAAGGAACTCCAG"
UCSF_Plasma_4_S142_L008_R1_001,UCSF_Plasma_4_S142_L008_R1_001,4N,"4N, TGGAATTCTCGGGTGCCAAGGAACTCCAG"
01_SynthA-1-TruSeq,01_SynthA-1-TruSeq,TruSeq,"TGGAATTCTCGGGTGCCAAGGAACTCCAG"
02_SynthA-2-TruSeq,02_SynthA-2-TruSeq,TruSeq,"TGGAATTCTCGGGTGCCAAGGAACTCCAG"
03_SynthA-3-TruSeq,03_SynthA-3-TruSeq,TruSeq,"TGGAATTCTCGGGTGCCAAGGAACTCCAG"
04_SynthA-4-TruSeq,04_SynthA-4-TruSeq,TruSeq,"TGGAATTCTCGGGTGCCAAGGAACTCCAG"
1152v1-A_S5_L002_R1_001,1152v1-A_S5_L002_R1_001,4N,"4N, TGGAATTCTCGGGTGCCAAGGAACTCCAG"
1152v1-A_S5_L003_R1_001,1152v1-A_S5_L003_R1_001,4N,"4N, TGGAATTCTCGGGTGCCAAGGAACTCCAG"
1152v1-A_S5_L004_R1_001,1152v1-A_S5_L004_R1_001,4N,"4N, TGGAATTCTCGGGTGCCAAGGAACTCCAG"
1152v1-B_S6_L001_R1_001,1152v1-B_S6_L001_R1_001,4N,"4N, TGGAATTCTCGGGTGCCAAGGAACTCCAG"
1152v1-B_S6_L002_R1_001,1152v1-B_S6_L002_R1_001,4N,"4N, TGGAATTCTCGGGTGCCAAGGAACTCCAG"
1152v1-B_S6_L003_R1_001,1152v1-B_S6_L003_R1_001,4N,"4N, TGGAATTCTCGGGTGCCAAGGAACTCCAG"
1152v1-B_S6_L004_R1_001,1152v1-B_S6_L004_R1_001,4N,"4N, TGGAATTCTCGGGTGCCAAGGAACTCCAG"
