X1,category,sample,counts,lab,lib_method_simple,lane,replicate
23,iso_3p_sum,DE-PlasmaMP-NEB-1_S1_R1_001,680603,Lab1,NEBNext,NA,1
24,iso_3p_sum,DE-PlasmaMP-NEB-2_S2_R1_001,678866,Lab1,NEBNext,NA,2
25,iso_3p_sum,DE-PlasmaMP-NEB-3_S3_R1_001,533460,Lab1,NEBNext,NA,3
26,iso_3p_sum,DE-PlasmaMP-NEB-4_S4_R1_001,531492,Lab1,NEBNext,NA,4
27,iso_3p_sum,DG-PlasmaMP-NEB-1_S18_R1_001,741500,Lab2,NEBNext,NA,1
28,iso_3p_sum,DG-PlasmaMP-NEB-2_S19_R1_001,673169,Lab2,NEBNext,NA,2
29,iso_3p_sum,DG-PlasmaMP-NEB-3_S20_R1_001,673572,Lab2,NEBNext,NA,3
30,iso_3p_sum,DG-PlasmaMP-NEB-4_S21_R1_001,634405,Lab2,NEBNext,NA,4
39,iso_3p_sum,NEB-Plasma-1_S85553_AGTCAA,554978,Lab5,NEBNext,NA,1
40,iso_3p_sum,NEB-Plasma-2_S85554_AGTTCC,613930,Lab5,NEBNext,NA,2
41,iso_3p_sum,NEB-Plasma-3_S85555_ATGTCA,432364,Lab5,NEBNext,NA,3
42,iso_3p_sum,NEB-Plasma-4_S85556_CCGTCC,641319,Lab5,NEBNext,NA,4
43,iso_3p_sum,PT_37_S5_L001_R1_001,117029,Lab4,TrueSeq,NA,1
44,iso_3p_sum,PT_38_S6_L001_R1_001,93941,Lab4,TrueSeq,NA,2
45,iso_3p_sum,PT_39_S7_L001_R1_001,99222,Lab4,TrueSeq,NA,3
46,iso_3p_sum,PT_40_S8_L001_R1_001,100206,Lab4,TrueSeq,NA,4
51,iso_3p_sum,Plas_N13_S13_L008_R1_001,63420,Lab4,NEBNext,NA,1
52,iso_3p_sum,Plas_N14_S14_L008_R1_001,63340,Lab4,NEBNext,NA,2
53,iso_3p_sum,Plas_N15_S15_L008_R1_001,65294,Lab4,NEBNext,NA,3
54,iso_3p_sum,Plas_N16_S16_L008_R1_001,46458,Lab4,NEBNext,NA,4
71,iso_3p_sum,PlasmaMP-TruSeq-1,365712,Lab2,TrueSeq,NA,1
72,iso_3p_sum,PlasmaMP-TruSeq-2,357873,Lab2,TrueSeq,NA,2
73,iso_3p_sum,PlasmaMP-TruSeq-3,307610,Lab2,TrueSeq,NA,3
74,iso_3p_sum,PlasmaMP-TruSeq-4,346784,Lab2,TrueSeq,NA,4
75,iso_3p_sum,PlasmaTruSeq-1_63786_CCGTCC_S5_L006_R1_001,378854,Lab5,TrueSeq,NA,1
76,iso_3p_sum,PlasmaTruSeq-2_63787_GTAGAG_S6_L006_R1_001,463711,Lab5,TrueSeq,NA,2
77,iso_3p_sum,PlasmaTruSeq-3_63788_GTCCGC_S7_L006_R1_001,446106,Lab5,TrueSeq,NA,3
78,iso_3p_sum,PlasmaTruSeq-4_63789_GTGAAA_S8_L006_R1_001,486040,Lab5,TrueSeq,NA,4
79,iso_3p_sum,TruSeq_Plasma_1_S123_L008_R1_001,1e3,Lab1,TrueSeq,NA,1
80,iso_3p_sum,TruSeq_Plasma_2_S124_L008_R1_001,11532,Lab1,TrueSeq,NA,2
81,iso_3p_sum,TruSeq_Plasma_3_S125_L008_R1_001,12916,Lab1,TrueSeq,NA,3
82,iso_3p_sum,TruSeq_Plasma_4_S126_L008_R1_001,6950,Lab1,TrueSeq,NA,4
126,iso_5p_sum,DE-PlasmaMP-NEB-1_S1_R1_001,100267,Lab1,NEBNext,NA,1
127,iso_5p_sum,DE-PlasmaMP-NEB-2_S2_R1_001,99483,Lab1,NEBNext,NA,2
128,iso_5p_sum,DE-PlasmaMP-NEB-3_S3_R1_001,74998,Lab1,NEBNext,NA,3
129,iso_5p_sum,DE-PlasmaMP-NEB-4_S4_R1_001,72273,Lab1,NEBNext,NA,4
130,iso_5p_sum,DG-PlasmaMP-NEB-1_S18_R1_001,162668,Lab2,NEBNext,NA,1
131,iso_5p_sum,DG-PlasmaMP-NEB-2_S19_R1_001,149021,Lab2,NEBNext,NA,2
132,iso_5p_sum,DG-PlasmaMP-NEB-3_S20_R1_001,153878,Lab2,NEBNext,NA,3
133,iso_5p_sum,DG-PlasmaMP-NEB-4_S21_R1_001,142135,Lab2,NEBNext,NA,4
142,iso_5p_sum,NEB-Plasma-1_S85553_AGTCAA,98574,Lab5,NEBNext,NA,1
143,iso_5p_sum,NEB-Plasma-2_S85554_AGTTCC,100862,Lab5,NEBNext,NA,2
144,iso_5p_sum,NEB-Plasma-3_S85555_ATGTCA,69619,Lab5,NEBNext,NA,3
145,iso_5p_sum,NEB-Plasma-4_S85556_CCGTCC,95566,Lab5,NEBNext,NA,4
146,iso_5p_sum,PT_37_S5_L001_R1_001,18332,Lab4,TrueSeq,NA,1
147,iso_5p_sum,PT_38_S6_L001_R1_001,14656,Lab4,TrueSeq,NA,2
148,iso_5p_sum,PT_39_S7_L001_R1_001,15795,Lab4,TrueSeq,NA,3
149,iso_5p_sum,PT_40_S8_L001_R1_001,15645,Lab4,TrueSeq,NA,4
154,iso_5p_sum,Plas_N13_S13_L008_R1_001,10911,Lab4,NEBNext,NA,1
155,iso_5p_sum,Plas_N14_S14_L008_R1_001,10823,Lab4,NEBNext,NA,2
156,iso_5p_sum,Plas_N15_S15_L008_R1_001,12233,Lab4,NEBNext,NA,3
157,iso_5p_sum,Plas_N16_S16_L008_R1_001,20445,Lab4,NEBNext,NA,4
174,iso_5p_sum,PlasmaMP-TruSeq-1,58080,Lab2,TrueSeq,NA,1
175,iso_5p_sum,PlasmaMP-TruSeq-2,49054,Lab2,TrueSeq,NA,2
176,iso_5p_sum,PlasmaMP-TruSeq-3,43417,Lab2,TrueSeq,NA,3
177,iso_5p_sum,PlasmaMP-TruSeq-4,96056,Lab2,TrueSeq,NA,4
178,iso_5p_sum,PlasmaTruSeq-1_63786_CCGTCC_S5_L006_R1_001,37720,Lab5,TrueSeq,NA,1
179,iso_5p_sum,PlasmaTruSeq-2_63787_GTAGAG_S6_L006_R1_001,46267,Lab5,TrueSeq,NA,2
180,iso_5p_sum,PlasmaTruSeq-3_63788_GTCCGC_S7_L006_R1_001,44271,Lab5,TrueSeq,NA,3
181,iso_5p_sum,PlasmaTruSeq-4_63789_GTGAAA_S8_L006_R1_001,46696,Lab5,TrueSeq,NA,4
182,iso_5p_sum,TruSeq_Plasma_1_S123_L008_R1_001,1853,Lab1,TrueSeq,NA,1
183,iso_5p_sum,TruSeq_Plasma_2_S124_L008_R1_001,151624,Lab1,TrueSeq,NA,2
184,iso_5p_sum,TruSeq_Plasma_3_S125_L008_R1_001,158004,Lab1,TrueSeq,NA,3
185,iso_5p_sum,TruSeq_Plasma_4_S126_L008_R1_001,62475,Lab1,TrueSeq,NA,4
229,iso_add_sum,DE-PlasmaMP-NEB-1_S1_R1_001,317302,Lab1,NEBNext,NA,1
230,iso_add_sum,DE-PlasmaMP-NEB-2_S2_R1_001,289161,Lab1,NEBNext,NA,2
231,iso_add_sum,DE-PlasmaMP-NEB-3_S3_R1_001,202295,Lab1,NEBNext,NA,3
232,iso_add_sum,DE-PlasmaMP-NEB-4_S4_R1_001,188007,Lab1,NEBNext,NA,4
233,iso_add_sum,DG-PlasmaMP-NEB-1_S18_R1_001,376109,Lab2,NEBNext,NA,1
234,iso_add_sum,DG-PlasmaMP-NEB-2_S19_R1_001,337359,Lab2,NEBNext,NA,2
235,iso_add_sum,DG-PlasmaMP-NEB-3_S20_R1_001,399103,Lab2,NEBNext,NA,3
236,iso_add_sum,DG-PlasmaMP-NEB-4_S21_R1_001,375120,Lab2,NEBNext,NA,4
245,iso_add_sum,NEB-Plasma-1_S85553_AGTCAA,317612,Lab5,NEBNext,NA,1
246,iso_add_sum,NEB-Plasma-2_S85554_AGTTCC,355975,Lab5,NEBNext,NA,2
247,iso_add_sum,NEB-Plasma-3_S85555_ATGTCA,258996,Lab5,NEBNext,NA,3
248,iso_add_sum,NEB-Plasma-4_S85556_CCGTCC,333431,Lab5,NEBNext,NA,4
249,iso_add_sum,PT_37_S5_L001_R1_001,136715,Lab4,TrueSeq,NA,1
250,iso_add_sum,PT_38_S6_L001_R1_001,111285,Lab4,TrueSeq,NA,2
251,iso_add_sum,PT_39_S7_L001_R1_001,118043,Lab4,TrueSeq,NA,3
252,iso_add_sum,PT_40_S8_L001_R1_001,123369,Lab4,TrueSeq,NA,4
257,iso_add_sum,Plas_N13_S13_L008_R1_001,74658,Lab4,NEBNext,NA,1
258,iso_add_sum,Plas_N14_S14_L008_R1_001,78928,Lab4,NEBNext,NA,2
259,iso_add_sum,Plas_N15_S15_L008_R1_001,78004,Lab4,NEBNext,NA,3
260,iso_add_sum,Plas_N16_S16_L008_R1_001,70746,Lab4,NEBNext,NA,4
277,iso_add_sum,PlasmaMP-TruSeq-1,307007,Lab2,TrueSeq,NA,1
278,iso_add_sum,PlasmaMP-TruSeq-2,310811,Lab2,TrueSeq,NA,2
279,iso_add_sum,PlasmaMP-TruSeq-3,267061,Lab2,TrueSeq,NA,3
280,iso_add_sum,PlasmaMP-TruSeq-4,335424,Lab2,TrueSeq,NA,4
281,iso_add_sum,PlasmaTruSeq-1_63786_CCGTCC_S5_L006_R1_001,335735,Lab5,TrueSeq,NA,1
282,iso_add_sum,PlasmaTruSeq-2_63787_GTAGAG_S6_L006_R1_001,407197,Lab5,TrueSeq,NA,2
283,iso_add_sum,PlasmaTruSeq-3_63788_GTCCGC_S7_L006_R1_001,393371,Lab5,TrueSeq,NA,3
284,iso_add_sum,PlasmaTruSeq-4_63789_GTGAAA_S8_L006_R1_001,434808,Lab5,TrueSeq,NA,4
285,iso_add_sum,TruSeq_Plasma_1_S123_L008_R1_001,1233,Lab1,TrueSeq,NA,1
286,iso_add_sum,TruSeq_Plasma_2_S124_L008_R1_001,108837,Lab1,TrueSeq,NA,2
287,iso_add_sum,TruSeq_Plasma_3_S125_L008_R1_001,96887,Lab1,TrueSeq,NA,3
288,iso_add_sum,TruSeq_Plasma_4_S126_L008_R1_001,41206,Lab1,TrueSeq,NA,4
332,iso_snp_sum,DE-PlasmaMP-NEB-1_S1_R1_001,306459,Lab1,NEBNext,NA,1
333,iso_snp_sum,DE-PlasmaMP-NEB-2_S2_R1_001,335412,Lab1,NEBNext,NA,2
334,iso_snp_sum,DE-PlasmaMP-NEB-3_S3_R1_001,224212,Lab1,NEBNext,NA,3
335,iso_snp_sum,DE-PlasmaMP-NEB-4_S4_R1_001,225657,Lab1,NEBNext,NA,4
336,iso_snp_sum,DG-PlasmaMP-NEB-1_S18_R1_001,427418,Lab2,NEBNext,NA,1
337,iso_snp_sum,DG-PlasmaMP-NEB-2_S19_R1_001,380724,Lab2,NEBNext,NA,2
338,iso_snp_sum,DG-PlasmaMP-NEB-3_S20_R1_001,370222,Lab2,NEBNext,NA,3
339,iso_snp_sum,DG-PlasmaMP-NEB-4_S21_R1_001,389742,Lab2,NEBNext,NA,4
348,iso_snp_sum,NEB-Plasma-1_S85553_AGTCAA,256337,Lab5,NEBNext,NA,1
349,iso_snp_sum,NEB-Plasma-2_S85554_AGTTCC,248873,Lab5,NEBNext,NA,2
350,iso_snp_sum,NEB-Plasma-3_S85555_ATGTCA,179965,Lab5,NEBNext,NA,3
351,iso_snp_sum,NEB-Plasma-4_S85556_CCGTCC,241576,Lab5,NEBNext,NA,4
352,iso_snp_sum,PT_37_S5_L001_R1_001,41422,Lab4,TrueSeq,NA,1
353,iso_snp_sum,PT_38_S6_L001_R1_001,35307,Lab4,TrueSeq,NA,2
354,iso_snp_sum,PT_39_S7_L001_R1_001,36257,Lab4,TrueSeq,NA,3
355,iso_snp_sum,PT_40_S8_L001_R1_001,35477,Lab4,TrueSeq,NA,4
360,iso_snp_sum,Plas_N13_S13_L008_R1_001,30905,Lab4,NEBNext,NA,1
361,iso_snp_sum,Plas_N14_S14_L008_R1_001,31205,Lab4,NEBNext,NA,2
362,iso_snp_sum,Plas_N15_S15_L008_R1_001,34390,Lab4,NEBNext,NA,3
363,iso_snp_sum,Plas_N16_S16_L008_R1_001,27001,Lab4,NEBNext,NA,4
380,iso_snp_sum,PlasmaMP-TruSeq-1,84727,Lab2,TrueSeq,NA,1
381,iso_snp_sum,PlasmaMP-TruSeq-2,82021,Lab2,TrueSeq,NA,2
382,iso_snp_sum,PlasmaMP-TruSeq-3,70851,Lab2,TrueSeq,NA,3
383,iso_snp_sum,PlasmaMP-TruSeq-4,81015,Lab2,TrueSeq,NA,4
384,iso_snp_sum,PlasmaTruSeq-1_63786_CCGTCC_S5_L006_R1_001,72093,Lab5,TrueSeq,NA,1
385,iso_snp_sum,PlasmaTruSeq-2_63787_GTAGAG_S6_L006_R1_001,89898,Lab5,TrueSeq,NA,2
386,iso_snp_sum,PlasmaTruSeq-3_63788_GTCCGC_S7_L006_R1_001,85122,Lab5,TrueSeq,NA,3
387,iso_snp_sum,PlasmaTruSeq-4_63789_GTGAAA_S8_L006_R1_001,93525,Lab5,TrueSeq,NA,4
388,iso_snp_sum,TruSeq_Plasma_1_S123_L008_R1_001,464,Lab1,TrueSeq,NA,1
389,iso_snp_sum,TruSeq_Plasma_2_S124_L008_R1_001,27769,Lab1,TrueSeq,NA,2
390,iso_snp_sum,TruSeq_Plasma_3_S125_L008_R1_001,30479,Lab1,TrueSeq,NA,3
391,iso_snp_sum,TruSeq_Plasma_4_S126_L008_R1_001,13382,Lab1,TrueSeq,NA,4
435,iso_snp_central_sum,DE-PlasmaMP-NEB-1_S1_R1_001,61487,Lab1,NEBNext,NA,1
436,iso_snp_central_sum,DE-PlasmaMP-NEB-2_S2_R1_001,60955,Lab1,NEBNext,NA,2
437,iso_snp_central_sum,DE-PlasmaMP-NEB-3_S3_R1_001,48341,Lab1,NEBNext,NA,3
438,iso_snp_central_sum,DE-PlasmaMP-NEB-4_S4_R1_001,48581,Lab1,NEBNext,NA,4
439,iso_snp_central_sum,DG-PlasmaMP-NEB-1_S18_R1_001,88760,Lab2,NEBNext,NA,1
440,iso_snp_central_sum,DG-PlasmaMP-NEB-2_S19_R1_001,83532,Lab2,NEBNext,NA,2
441,iso_snp_central_sum,DG-PlasmaMP-NEB-3_S20_R1_001,80907,Lab2,NEBNext,NA,3
442,iso_snp_central_sum,DG-PlasmaMP-NEB-4_S21_R1_001,76626,Lab2,NEBNext,NA,4
451,iso_snp_central_sum,NEB-Plasma-1_S85553_AGTCAA,53349,Lab5,NEBNext,NA,1
452,iso_snp_central_sum,NEB-Plasma-2_S85554_AGTTCC,55894,Lab5,NEBNext,NA,2
453,iso_snp_central_sum,NEB-Plasma-3_S85555_ATGTCA,37948,Lab5,NEBNext,NA,3
454,iso_snp_central_sum,NEB-Plasma-4_S85556_CCGTCC,53297,Lab5,NEBNext,NA,4
455,iso_snp_central_sum,PT_37_S5_L001_R1_001,5130,Lab4,TrueSeq,NA,1
456,iso_snp_central_sum,PT_38_S6_L001_R1_001,4192,Lab4,TrueSeq,NA,2
457,iso_snp_central_sum,PT_39_S7_L001_R1_001,4659,Lab4,TrueSeq,NA,3
458,iso_snp_central_sum,PT_40_S8_L001_R1_001,4355,Lab4,TrueSeq,NA,4
463,iso_snp_central_sum,Plas_N13_S13_L008_R1_001,6083,Lab4,NEBNext,NA,1
464,iso_snp_central_sum,Plas_N14_S14_L008_R1_001,6100,Lab4,NEBNext,NA,2
465,iso_snp_central_sum,Plas_N15_S15_L008_R1_001,6809,Lab4,NEBNext,NA,3
466,iso_snp_central_sum,Plas_N16_S16_L008_R1_001,6545,Lab4,NEBNext,NA,4
483,iso_snp_central_sum,PlasmaMP-TruSeq-1,13804,Lab2,TrueSeq,NA,1
484,iso_snp_central_sum,PlasmaMP-TruSeq-2,13376,Lab2,TrueSeq,NA,2
485,iso_snp_central_sum,PlasmaMP-TruSeq-3,11224,Lab2,TrueSeq,NA,3
486,iso_snp_central_sum,PlasmaMP-TruSeq-4,12924,Lab2,TrueSeq,NA,4
487,iso_snp_central_sum,PlasmaTruSeq-1_63786_CCGTCC_S5_L006_R1_001,10177,Lab5,TrueSeq,NA,1
488,iso_snp_central_sum,PlasmaTruSeq-2_63787_GTAGAG_S6_L006_R1_001,11341,Lab5,TrueSeq,NA,2
489,iso_snp_central_sum,PlasmaTruSeq-3_63788_GTCCGC_S7_L006_R1_001,10841,Lab5,TrueSeq,NA,3
490,iso_snp_central_sum,PlasmaTruSeq-4_63789_GTGAAA_S8_L006_R1_001,11468,Lab5,TrueSeq,NA,4
491,iso_snp_central_sum,TruSeq_Plasma_1_S123_L008_R1_001,314,Lab1,TrueSeq,NA,1
492,iso_snp_central_sum,TruSeq_Plasma_2_S124_L008_R1_001,78067,Lab1,TrueSeq,NA,2
493,iso_snp_central_sum,TruSeq_Plasma_3_S125_L008_R1_001,68566,Lab1,TrueSeq,NA,3
494,iso_snp_central_sum,TruSeq_Plasma_4_S126_L008_R1_001,29025,Lab1,TrueSeq,NA,4
538,iso_snp_central_offset_sum,DE-PlasmaMP-NEB-1_S1_R1_001,93299,Lab1,NEBNext,NA,1
539,iso_snp_central_offset_sum,DE-PlasmaMP-NEB-2_S2_R1_001,88744,Lab1,NEBNext,NA,2
540,iso_snp_central_offset_sum,DE-PlasmaMP-NEB-3_S3_R1_001,72417,Lab1,NEBNext,NA,3
541,iso_snp_central_offset_sum,DE-PlasmaMP-NEB-4_S4_R1_001,75927,Lab1,NEBNext,NA,4
542,iso_snp_central_offset_sum,DG-PlasmaMP-NEB-1_S18_R1_001,123796,Lab2,NEBNext,NA,1
543,iso_snp_central_offset_sum,DG-PlasmaMP-NEB-2_S19_R1_001,107498,Lab2,NEBNext,NA,2
544,iso_snp_central_offset_sum,DG-PlasmaMP-NEB-3_S20_R1_001,132511,Lab2,NEBNext,NA,3
545,iso_snp_central_offset_sum,DG-PlasmaMP-NEB-4_S21_R1_001,122798,Lab2,NEBNext,NA,4
554,iso_snp_central_offset_sum,NEB-Plasma-1_S85553_AGTCAA,134259,Lab5,NEBNext,NA,1
555,iso_snp_central_offset_sum,NEB-Plasma-2_S85554_AGTTCC,152666,Lab5,NEBNext,NA,2
556,iso_snp_central_offset_sum,NEB-Plasma-3_S85555_ATGTCA,105763,Lab5,NEBNext,NA,3
557,iso_snp_central_offset_sum,NEB-Plasma-4_S85556_CCGTCC,148772,Lab5,NEBNext,NA,4
558,iso_snp_central_offset_sum,PT_37_S5_L001_R1_001,15203,Lab4,TrueSeq,NA,1
559,iso_snp_central_offset_sum,PT_38_S6_L001_R1_001,11402,Lab4,TrueSeq,NA,2
560,iso_snp_central_offset_sum,PT_39_S7_L001_R1_001,12215,Lab4,TrueSeq,NA,3
561,iso_snp_central_offset_sum,PT_40_S8_L001_R1_001,13078,Lab4,TrueSeq,NA,4
566,iso_snp_central_offset_sum,Plas_N13_S13_L008_R1_001,32823,Lab4,NEBNext,NA,1
567,iso_snp_central_offset_sum,Plas_N14_S14_L008_R1_001,35369,Lab4,NEBNext,NA,2
568,iso_snp_central_offset_sum,Plas_N15_S15_L008_R1_001,35272,Lab4,NEBNext,NA,3
569,iso_snp_central_offset_sum,Plas_N16_S16_L008_R1_001,27389,Lab4,NEBNext,NA,4
586,iso_snp_central_offset_sum,PlasmaMP-TruSeq-1,11210,Lab2,TrueSeq,NA,1
587,iso_snp_central_offset_sum,PlasmaMP-TruSeq-2,10338,Lab2,TrueSeq,NA,2
588,iso_snp_central_offset_sum,PlasmaMP-TruSeq-3,8977,Lab2,TrueSeq,NA,3
589,iso_snp_central_offset_sum,PlasmaMP-TruSeq-4,8393,Lab2,TrueSeq,NA,4
590,iso_snp_central_offset_sum,PlasmaTruSeq-1_63786_CCGTCC_S5_L006_R1_001,7251,Lab5,TrueSeq,NA,1
591,iso_snp_central_offset_sum,PlasmaTruSeq-2_63787_GTAGAG_S6_L006_R1_001,8692,Lab5,TrueSeq,NA,2
592,iso_snp_central_offset_sum,PlasmaTruSeq-3_63788_GTCCGC_S7_L006_R1_001,8583,Lab5,TrueSeq,NA,3
593,iso_snp_central_offset_sum,PlasmaTruSeq-4_63789_GTGAAA_S8_L006_R1_001,8706,Lab5,TrueSeq,NA,4
594,iso_snp_central_offset_sum,TruSeq_Plasma_1_S123_L008_R1_001,215,Lab1,TrueSeq,NA,1
595,iso_snp_central_offset_sum,TruSeq_Plasma_2_S124_L008_R1_001,4295,Lab1,TrueSeq,NA,2
596,iso_snp_central_offset_sum,TruSeq_Plasma_3_S125_L008_R1_001,4411,Lab1,TrueSeq,NA,3
597,iso_snp_central_offset_sum,TruSeq_Plasma_4_S126_L008_R1_001,2907,Lab1,TrueSeq,NA,4
641,iso_snp_central_supp_sum,DE-PlasmaMP-NEB-1_S1_R1_001,180420,Lab1,NEBNext,NA,1
642,iso_snp_central_supp_sum,DE-PlasmaMP-NEB-2_S2_R1_001,176366,Lab1,NEBNext,NA,2
643,iso_snp_central_supp_sum,DE-PlasmaMP-NEB-3_S3_R1_001,142646,Lab1,NEBNext,NA,3
644,iso_snp_central_supp_sum,DE-PlasmaMP-NEB-4_S4_R1_001,147855,Lab1,NEBNext,NA,4
645,iso_snp_central_supp_sum,DG-PlasmaMP-NEB-1_S18_R1_001,221821,Lab2,NEBNext,NA,1
646,iso_snp_central_supp_sum,DG-PlasmaMP-NEB-2_S19_R1_001,205977,Lab2,NEBNext,NA,2
647,iso_snp_central_supp_sum,DG-PlasmaMP-NEB-3_S20_R1_001,220046,Lab2,NEBNext,NA,3
648,iso_snp_central_supp_sum,DG-PlasmaMP-NEB-4_S21_R1_001,205645,Lab2,NEBNext,NA,4
657,iso_snp_central_supp_sum,NEB-Plasma-1_S85553_AGTCAA,212856,Lab5,NEBNext,NA,1
658,iso_snp_central_supp_sum,NEB-Plasma-2_S85554_AGTTCC,232669,Lab5,NEBNext,NA,2
659,iso_snp_central_supp_sum,NEB-Plasma-3_S85555_ATGTCA,162553,Lab5,NEBNext,NA,3
660,iso_snp_central_supp_sum,NEB-Plasma-4_S85556_CCGTCC,230644,Lab5,NEBNext,NA,4
661,iso_snp_central_supp_sum,PT_37_S5_L001_R1_001,33403,Lab4,TrueSeq,NA,1
662,iso_snp_central_supp_sum,PT_38_S6_L001_R1_001,26266,Lab4,TrueSeq,NA,2
663,iso_snp_central_supp_sum,PT_39_S7_L001_R1_001,27819,Lab4,TrueSeq,NA,3
664,iso_snp_central_supp_sum,PT_40_S8_L001_R1_001,27810,Lab4,TrueSeq,NA,4
669,iso_snp_central_supp_sum,Plas_N13_S13_L008_R1_001,39809,Lab4,NEBNext,NA,1
670,iso_snp_central_supp_sum,Plas_N14_S14_L008_R1_001,41743,Lab4,NEBNext,NA,2
671,iso_snp_central_supp_sum,Plas_N15_S15_L008_R1_001,42833,Lab4,NEBNext,NA,3
672,iso_snp_central_supp_sum,Plas_N16_S16_L008_R1_001,43939,Lab4,NEBNext,NA,4
689,iso_snp_central_supp_sum,PlasmaMP-TruSeq-1,54427,Lab2,TrueSeq,NA,1
690,iso_snp_central_supp_sum,PlasmaMP-TruSeq-2,46578,Lab2,TrueSeq,NA,2
691,iso_snp_central_supp_sum,PlasmaMP-TruSeq-3,41976,Lab2,TrueSeq,NA,3
692,iso_snp_central_supp_sum,PlasmaMP-TruSeq-4,46479,Lab2,TrueSeq,NA,4
693,iso_snp_central_supp_sum,PlasmaTruSeq-1_63786_CCGTCC_S5_L006_R1_001,25202,Lab5,TrueSeq,NA,1
694,iso_snp_central_supp_sum,PlasmaTruSeq-2_63787_GTAGAG_S6_L006_R1_001,30319,Lab5,TrueSeq,NA,2
695,iso_snp_central_supp_sum,PlasmaTruSeq-3_63788_GTCCGC_S7_L006_R1_001,28558,Lab5,TrueSeq,NA,3
696,iso_snp_central_supp_sum,PlasmaTruSeq-4_63789_GTGAAA_S8_L006_R1_001,30214,Lab5,TrueSeq,NA,4
697,iso_snp_central_supp_sum,TruSeq_Plasma_1_S123_L008_R1_001,812,Lab1,TrueSeq,NA,1
698,iso_snp_central_supp_sum,TruSeq_Plasma_2_S124_L008_R1_001,134480,Lab1,TrueSeq,NA,2
699,iso_snp_central_supp_sum,TruSeq_Plasma_3_S125_L008_R1_001,125785,Lab1,TrueSeq,NA,3
700,iso_snp_central_supp_sum,TruSeq_Plasma_4_S126_L008_R1_001,55189,Lab1,TrueSeq,NA,4
744,iso_snp_seed_sum,DE-PlasmaMP-NEB-1_S1_R1_001,74703,Lab1,NEBNext,NA,1
745,iso_snp_seed_sum,DE-PlasmaMP-NEB-2_S2_R1_001,73225,Lab1,NEBNext,NA,2
746,iso_snp_seed_sum,DE-PlasmaMP-NEB-3_S3_R1_001,57257,Lab1,NEBNext,NA,3
747,iso_snp_seed_sum,DE-PlasmaMP-NEB-4_S4_R1_001,55400,Lab1,NEBNext,NA,4
748,iso_snp_seed_sum,DG-PlasmaMP-NEB-1_S18_R1_001,78745,Lab2,NEBNext,NA,1
749,iso_snp_seed_sum,DG-PlasmaMP-NEB-2_S19_R1_001,74837,Lab2,NEBNext,NA,2
750,iso_snp_seed_sum,DG-PlasmaMP-NEB-3_S20_R1_001,74249,Lab2,NEBNext,NA,3
751,iso_snp_seed_sum,DG-PlasmaMP-NEB-4_S21_R1_001,70352,Lab2,NEBNext,NA,4
760,iso_snp_seed_sum,NEB-Plasma-1_S85553_AGTCAA,62437,Lab5,NEBNext,NA,1
761,iso_snp_seed_sum,NEB-Plasma-2_S85554_AGTTCC,67742,Lab5,NEBNext,NA,2
762,iso_snp_seed_sum,NEB-Plasma-3_S85555_ATGTCA,46613,Lab5,NEBNext,NA,3
763,iso_snp_seed_sum,NEB-Plasma-4_S85556_CCGTCC,65486,Lab5,NEBNext,NA,4
764,iso_snp_seed_sum,PT_37_S5_L001_R1_001,8885,Lab4,TrueSeq,NA,1
765,iso_snp_seed_sum,PT_38_S6_L001_R1_001,7139,Lab4,TrueSeq,NA,2
766,iso_snp_seed_sum,PT_39_S7_L001_R1_001,7558,Lab4,TrueSeq,NA,3
767,iso_snp_seed_sum,PT_40_S8_L001_R1_001,6901,Lab4,TrueSeq,NA,4
772,iso_snp_seed_sum,Plas_N13_S13_L008_R1_001,8301,Lab4,NEBNext,NA,1
773,iso_snp_seed_sum,Plas_N14_S14_L008_R1_001,8642,Lab4,NEBNext,NA,2
774,iso_snp_seed_sum,Plas_N15_S15_L008_R1_001,8748,Lab4,NEBNext,NA,3
775,iso_snp_seed_sum,Plas_N16_S16_L008_R1_001,6118,Lab4,NEBNext,NA,4
792,iso_snp_seed_sum,PlasmaMP-TruSeq-1,27152,Lab2,TrueSeq,NA,1
793,iso_snp_seed_sum,PlasmaMP-TruSeq-2,19395,Lab2,TrueSeq,NA,2
794,iso_snp_seed_sum,PlasmaMP-TruSeq-3,17717,Lab2,TrueSeq,NA,3
795,iso_snp_seed_sum,PlasmaMP-TruSeq-4,63571,Lab2,TrueSeq,NA,4
796,iso_snp_seed_sum,PlasmaTruSeq-1_63786_CCGTCC_S5_L006_R1_001,15306,Lab5,TrueSeq,NA,1
797,iso_snp_seed_sum,PlasmaTruSeq-2_63787_GTAGAG_S6_L006_R1_001,17808,Lab5,TrueSeq,NA,2
798,iso_snp_seed_sum,PlasmaTruSeq-3_63788_GTCCGC_S7_L006_R1_001,18267,Lab5,TrueSeq,NA,3
799,iso_snp_seed_sum,PlasmaTruSeq-4_63789_GTGAAA_S8_L006_R1_001,18797,Lab5,TrueSeq,NA,4
800,iso_snp_seed_sum,TruSeq_Plasma_1_S123_L008_R1_001,167,Lab1,TrueSeq,NA,1
801,iso_snp_seed_sum,TruSeq_Plasma_2_S124_L008_R1_001,16101,Lab1,TrueSeq,NA,2
802,iso_snp_seed_sum,TruSeq_Plasma_3_S125_L008_R1_001,16122,Lab1,TrueSeq,NA,3
803,iso_snp_seed_sum,TruSeq_Plasma_4_S126_L008_R1_001,7544,Lab1,TrueSeq,NA,4
847,isomiR_sum,DE-PlasmaMP-NEB-1_S1_R1_001,1262880,Lab1,NEBNext,NA,1
848,isomiR_sum,DE-PlasmaMP-NEB-2_S2_R1_001,1250248,Lab1,NEBNext,NA,2
849,isomiR_sum,DE-PlasmaMP-NEB-3_S3_R1_001,931826,Lab1,NEBNext,NA,3
850,isomiR_sum,DE-PlasmaMP-NEB-4_S4_R1_001,909575,Lab1,NEBNext,NA,4
851,isomiR_sum,DG-PlasmaMP-NEB-1_S18_R1_001,1391057,Lab2,NEBNext,NA,1
852,isomiR_sum,DG-PlasmaMP-NEB-2_S19_R1_001,1256830,Lab2,NEBNext,NA,2
853,isomiR_sum,DG-PlasmaMP-NEB-3_S20_R1_001,1314122,Lab2,NEBNext,NA,3
854,isomiR_sum,DG-PlasmaMP-NEB-4_S21_R1_001,1261625,Lab2,NEBNext,NA,4
863,isomiR_sum,NEB-Plasma-1_S85553_AGTCAA,1085239,Lab5,NEBNext,NA,1
864,isomiR_sum,NEB-Plasma-2_S85554_AGTTCC,1179215,Lab5,NEBNext,NA,2
865,isomiR_sum,NEB-Plasma-3_S85555_ATGTCA,840491,Lab5,NEBNext,NA,3
866,isomiR_sum,NEB-Plasma-4_S85556_CCGTCC,1178266,Lab5,NEBNext,NA,4
867,isomiR_sum,PT_37_S5_L001_R1_001,280494,Lab4,TrueSeq,NA,1
868,isomiR_sum,PT_38_S6_L001_R1_001,228705,Lab4,TrueSeq,NA,2
869,isomiR_sum,PT_39_S7_L001_R1_001,241603,Lab4,TrueSeq,NA,3
870,isomiR_sum,PT_40_S8_L001_R1_001,247055,Lab4,TrueSeq,NA,4
875,isomiR_sum,Plas_N13_S13_L008_R1_001,159221,Lab4,NEBNext,NA,1
876,isomiR_sum,Plas_N14_S14_L008_R1_001,163237,Lab4,NEBNext,NA,2
877,isomiR_sum,Plas_N15_S15_L008_R1_001,165935,Lab4,NEBNext,NA,3
878,isomiR_sum,Plas_N16_S16_L008_R1_001,133477,Lab4,NEBNext,NA,4
895,isomiR_sum,PlasmaMP-TruSeq-1,734058,Lab2,TrueSeq,NA,1
896,isomiR_sum,PlasmaMP-TruSeq-2,729045,Lab2,TrueSeq,NA,2
897,isomiR_sum,PlasmaMP-TruSeq-3,625437,Lab2,TrueSeq,NA,3
898,isomiR_sum,PlasmaMP-TruSeq-4,738864,Lab2,TrueSeq,NA,4
899,isomiR_sum,PlasmaTruSeq-1_63786_CCGTCC_S5_L006_R1_001,768055,Lab5,TrueSeq,NA,1
900,isomiR_sum,PlasmaTruSeq-2_63787_GTAGAG_S6_L006_R1_001,937548,Lab5,TrueSeq,NA,2
901,isomiR_sum,PlasmaTruSeq-3_63788_GTCCGC_S7_L006_R1_001,903230,Lab5,TrueSeq,NA,3
902,isomiR_sum,PlasmaTruSeq-4_63789_GTGAAA_S8_L006_R1_001,988878,Lab5,TrueSeq,NA,4
903,isomiR_sum,TruSeq_Plasma_1_S123_L008_R1_001,3639,Lab1,TrueSeq,NA,1
904,isomiR_sum,TruSeq_Plasma_2_S124_L008_R1_001,222056,Lab1,TrueSeq,NA,2
905,isomiR_sum,TruSeq_Plasma_3_S125_L008_R1_001,226967,Lab1,TrueSeq,NA,3
906,isomiR_sum,TruSeq_Plasma_4_S126_L008_R1_001,91834,Lab1,TrueSeq,NA,4
950,ref_miRNA_sum,DE-PlasmaMP-NEB-1_S1_R1_001,794316,Lab1,NEBNext,NA,1
951,ref_miRNA_sum,DE-PlasmaMP-NEB-2_S2_R1_001,760246,Lab1,NEBNext,NA,2
952,ref_miRNA_sum,DE-PlasmaMP-NEB-3_S3_R1_001,607331,Lab1,NEBNext,NA,3
953,ref_miRNA_sum,DE-PlasmaMP-NEB-4_S4_R1_001,555561,Lab1,NEBNext,NA,4
954,ref_miRNA_sum,DG-PlasmaMP-NEB-1_S18_R1_001,960852,Lab2,NEBNext,NA,1
955,ref_miRNA_sum,DG-PlasmaMP-NEB-2_S19_R1_001,884456,Lab2,NEBNext,NA,2
956,ref_miRNA_sum,DG-PlasmaMP-NEB-3_S20_R1_001,949992,Lab2,NEBNext,NA,3
957,ref_miRNA_sum,DG-PlasmaMP-NEB-4_S21_R1_001,867333,Lab2,NEBNext,NA,4
966,ref_miRNA_sum,NEB-Plasma-1_S85553_AGTCAA,728090,Lab5,NEBNext,NA,1
967,ref_miRNA_sum,NEB-Plasma-2_S85554_AGTTCC,788443,Lab5,NEBNext,NA,2
968,ref_miRNA_sum,NEB-Plasma-3_S85555_ATGTCA,528736,Lab5,NEBNext,NA,3
969,ref_miRNA_sum,NEB-Plasma-4_S85556_CCGTCC,723241,Lab5,NEBNext,NA,4
970,ref_miRNA_sum,PT_37_S5_L001_R1_001,274901,Lab4,TrueSeq,NA,1
971,ref_miRNA_sum,PT_38_S6_L001_R1_001,234406,Lab4,TrueSeq,NA,2
972,ref_miRNA_sum,PT_39_S7_L001_R1_001,243212,Lab4,TrueSeq,NA,3
973,ref_miRNA_sum,PT_40_S8_L001_R1_001,245210,Lab4,TrueSeq,NA,4
978,ref_miRNA_sum,Plas_N13_S13_L008_R1_001,89940,Lab4,NEBNext,NA,1
979,ref_miRNA_sum,Plas_N14_S14_L008_R1_001,90151,Lab4,NEBNext,NA,2
980,ref_miRNA_sum,Plas_N15_S15_L008_R1_001,95286,Lab4,NEBNext,NA,3
981,ref_miRNA_sum,Plas_N16_S16_L008_R1_001,68772,Lab4,NEBNext,NA,4
998,ref_miRNA_sum,PlasmaMP-TruSeq-1,652326,Lab2,TrueSeq,NA,1
999,ref_miRNA_sum,PlasmaMP-TruSeq-2,649082,Lab2,TrueSeq,NA,2
1000,ref_miRNA_sum,PlasmaMP-TruSeq-3,552884,Lab2,TrueSeq,NA,3
1001,ref_miRNA_sum,PlasmaMP-TruSeq-4,613692,Lab2,TrueSeq,NA,4
1002,ref_miRNA_sum,PlasmaTruSeq-1_63786_CCGTCC_S5_L006_R1_001,650934,Lab5,TrueSeq,NA,1
1003,ref_miRNA_sum,PlasmaTruSeq-2_63787_GTAGAG_S6_L006_R1_001,784218,Lab5,TrueSeq,NA,2
1004,ref_miRNA_sum,PlasmaTruSeq-3_63788_GTCCGC_S7_L006_R1_001,766436,Lab5,TrueSeq,NA,3
1005,ref_miRNA_sum,PlasmaTruSeq-4_63789_GTGAAA_S8_L006_R1_001,827671,Lab5,TrueSeq,NA,4
1006,ref_miRNA_sum,TruSeq_Plasma_1_S123_L008_R1_001,2450,Lab1,TrueSeq,NA,1
1007,ref_miRNA_sum,TruSeq_Plasma_2_S124_L008_R1_001,35794,Lab1,TrueSeq,NA,2
1008,ref_miRNA_sum,TruSeq_Plasma_3_S125_L008_R1_001,107326,Lab1,TrueSeq,NA,3
1009,ref_miRNA_sum,TruSeq_Plasma_4_S126_L008_R1_001,23379,Lab1,TrueSeq,NA,4
23,iso_3p_count,DE-PlasmaMP-NEB-1_S1_R1_001,16880,Lab1,NEBNext,NA,1
24,iso_3p_count,DE-PlasmaMP-NEB-2_S2_R1_001,16850,Lab1,NEBNext,NA,2
25,iso_3p_count,DE-PlasmaMP-NEB-3_S3_R1_001,14691,Lab1,NEBNext,NA,3
26,iso_3p_count,DE-PlasmaMP-NEB-4_S4_R1_001,14820,Lab1,NEBNext,NA,4
27,iso_3p_count,DG-PlasmaMP-NEB-1_S18_R1_001,13483,Lab2,NEBNext,NA,1
28,iso_3p_count,DG-PlasmaMP-NEB-2_S19_R1_001,12828,Lab2,NEBNext,NA,2
29,iso_3p_count,DG-PlasmaMP-NEB-3_S20_R1_001,12135,Lab2,NEBNext,NA,3
30,iso_3p_count,DG-PlasmaMP-NEB-4_S21_R1_001,12922,Lab2,NEBNext,NA,4
39,iso_3p_count,NEB-Plasma-1_S85553_AGTCAA,12640,Lab5,NEBNext,NA,1
40,iso_3p_count,NEB-Plasma-2_S85554_AGTTCC,12929,Lab5,NEBNext,NA,2
41,iso_3p_count,NEB-Plasma-3_S85555_ATGTCA,11663,Lab5,NEBNext,NA,3
42,iso_3p_count,NEB-Plasma-4_S85556_CCGTCC,14995,Lab5,NEBNext,NA,4
43,iso_3p_count,PT_37_S5_L001_R1_001,2777,Lab4,TrueSeq,NA,1
44,iso_3p_count,PT_38_S6_L001_R1_001,2610,Lab4,TrueSeq,NA,2
45,iso_3p_count,PT_39_S7_L001_R1_001,2655,Lab4,TrueSeq,NA,3
46,iso_3p_count,PT_40_S8_L001_R1_001,2612,Lab4,TrueSeq,NA,4
51,iso_3p_count,Plas_N13_S13_L008_R1_001,3644,Lab4,NEBNext,NA,1
52,iso_3p_count,Plas_N14_S14_L008_R1_001,3533,Lab4,NEBNext,NA,2
53,iso_3p_count,Plas_N15_S15_L008_R1_001,3671,Lab4,NEBNext,NA,3
54,iso_3p_count,Plas_N16_S16_L008_R1_001,2912,Lab4,NEBNext,NA,4
71,iso_3p_count,PlasmaMP-TruSeq-1,5584,Lab2,TrueSeq,NA,1
72,iso_3p_count,PlasmaMP-TruSeq-2,5494,Lab2,TrueSeq,NA,2
73,iso_3p_count,PlasmaMP-TruSeq-3,5045,Lab2,TrueSeq,NA,3
74,iso_3p_count,PlasmaMP-TruSeq-4,5418,Lab2,TrueSeq,NA,4
75,iso_3p_count,PlasmaTruSeq-1_63786_CCGTCC_S5_L006_R1_001,3808,Lab5,TrueSeq,NA,1
76,iso_3p_count,PlasmaTruSeq-2_63787_GTAGAG_S6_L006_R1_001,4281,Lab5,TrueSeq,NA,2
77,iso_3p_count,PlasmaTruSeq-3_63788_GTCCGC_S7_L006_R1_001,4134,Lab5,TrueSeq,NA,3
78,iso_3p_count,PlasmaTruSeq-4_63789_GTGAAA_S8_L006_R1_001,4091,Lab5,TrueSeq,NA,4
79,iso_3p_count,TruSeq_Plasma_1_S123_L008_R1_001,356,Lab1,TrueSeq,NA,1
80,iso_3p_count,TruSeq_Plasma_2_S124_L008_R1_001,2131,Lab1,TrueSeq,NA,2
81,iso_3p_count,TruSeq_Plasma_3_S125_L008_R1_001,2753,Lab1,TrueSeq,NA,3
82,iso_3p_count,TruSeq_Plasma_4_S126_L008_R1_001,1434,Lab1,TrueSeq,NA,4
126,iso_5p_count,DE-PlasmaMP-NEB-1_S1_R1_001,6724,Lab1,NEBNext,NA,1
127,iso_5p_count,DE-PlasmaMP-NEB-2_S2_R1_001,6651,Lab1,NEBNext,NA,2
128,iso_5p_count,DE-PlasmaMP-NEB-3_S3_R1_001,5546,Lab1,NEBNext,NA,3
129,iso_5p_count,DE-PlasmaMP-NEB-4_S4_R1_001,5545,Lab1,NEBNext,NA,4
130,iso_5p_count,DG-PlasmaMP-NEB-1_S18_R1_001,5595,Lab2,NEBNext,NA,1
131,iso_5p_count,DG-PlasmaMP-NEB-2_S19_R1_001,5291,Lab2,NEBNext,NA,2
132,iso_5p_count,DG-PlasmaMP-NEB-3_S20_R1_001,5104,Lab2,NEBNext,NA,3
133,iso_5p_count,DG-PlasmaMP-NEB-4_S21_R1_001,5559,Lab2,NEBNext,NA,4
142,iso_5p_count,NEB-Plasma-1_S85553_AGTCAA,5410,Lab5,NEBNext,NA,1
143,iso_5p_count,NEB-Plasma-2_S85554_AGTTCC,5405,Lab5,NEBNext,NA,2
144,iso_5p_count,NEB-Plasma-3_S85555_ATGTCA,5023,Lab5,NEBNext,NA,3
145,iso_5p_count,NEB-Plasma-4_S85556_CCGTCC,6042,Lab5,NEBNext,NA,4
146,iso_5p_count,PT_37_S5_L001_R1_001,2094,Lab4,TrueSeq,NA,1
147,iso_5p_count,PT_38_S6_L001_R1_001,1942,Lab4,TrueSeq,NA,2
148,iso_5p_count,PT_39_S7_L001_R1_001,2077,Lab4,TrueSeq,NA,3
149,iso_5p_count,PT_40_S8_L001_R1_001,1970,Lab4,TrueSeq,NA,4
154,iso_5p_count,Plas_N13_S13_L008_R1_001,1795,Lab4,NEBNext,NA,1
155,iso_5p_count,Plas_N14_S14_L008_R1_001,1742,Lab4,NEBNext,NA,2
156,iso_5p_count,Plas_N15_S15_L008_R1_001,1928,Lab4,NEBNext,NA,3
157,iso_5p_count,Plas_N16_S16_L008_R1_001,1660,Lab4,NEBNext,NA,4
174,iso_5p_count,PlasmaMP-TruSeq-1,9814,Lab2,TrueSeq,NA,1
175,iso_5p_count,PlasmaMP-TruSeq-2,3912,Lab2,TrueSeq,NA,2
176,iso_5p_count,PlasmaMP-TruSeq-3,4559,Lab2,TrueSeq,NA,3
177,iso_5p_count,PlasmaMP-TruSeq-4,39835,Lab2,TrueSeq,NA,4
178,iso_5p_count,PlasmaTruSeq-1_63786_CCGTCC_S5_L006_R1_001,2556,Lab5,TrueSeq,NA,1
179,iso_5p_count,PlasmaTruSeq-2_63787_GTAGAG_S6_L006_R1_001,2622,Lab5,TrueSeq,NA,2
180,iso_5p_count,PlasmaTruSeq-3_63788_GTCCGC_S7_L006_R1_001,2847,Lab5,TrueSeq,NA,3
181,iso_5p_count,PlasmaTruSeq-4_63789_GTGAAA_S8_L006_R1_001,2651,Lab5,TrueSeq,NA,4
182,iso_5p_count,TruSeq_Plasma_1_S123_L008_R1_001,608,Lab1,TrueSeq,NA,1
183,iso_5p_count,TruSeq_Plasma_2_S124_L008_R1_001,5285,Lab1,TrueSeq,NA,2
184,iso_5p_count,TruSeq_Plasma_3_S125_L008_R1_001,6020,Lab1,TrueSeq,NA,3
185,iso_5p_count,TruSeq_Plasma_4_S126_L008_R1_001,3490,Lab1,TrueSeq,NA,4
229,iso_add_count,DE-PlasmaMP-NEB-1_S1_R1_001,12764,Lab1,NEBNext,NA,1
230,iso_add_count,DE-PlasmaMP-NEB-2_S2_R1_001,12036,Lab1,NEBNext,NA,2
231,iso_add_count,DE-PlasmaMP-NEB-3_S3_R1_001,9529,Lab1,NEBNext,NA,3
232,iso_add_count,DE-PlasmaMP-NEB-4_S4_R1_001,9444,Lab1,NEBNext,NA,4
233,iso_add_count,DG-PlasmaMP-NEB-1_S18_R1_001,9431,Lab2,NEBNext,NA,1
234,iso_add_count,DG-PlasmaMP-NEB-2_S19_R1_001,9325,Lab2,NEBNext,NA,2
235,iso_add_count,DG-PlasmaMP-NEB-3_S20_R1_001,9548,Lab2,NEBNext,NA,3
236,iso_add_count,DG-PlasmaMP-NEB-4_S21_R1_001,10310,Lab2,NEBNext,NA,4
245,iso_add_count,NEB-Plasma-1_S85553_AGTCAA,10217,Lab5,NEBNext,NA,1
246,iso_add_count,NEB-Plasma-2_S85554_AGTTCC,10700,Lab5,NEBNext,NA,2
247,iso_add_count,NEB-Plasma-3_S85555_ATGTCA,9780,Lab5,NEBNext,NA,3
248,iso_add_count,NEB-Plasma-4_S85556_CCGTCC,11475,Lab5,NEBNext,NA,4
249,iso_add_count,PT_37_S5_L001_R1_001,3533,Lab4,TrueSeq,NA,1
250,iso_add_count,PT_38_S6_L001_R1_001,3309,Lab4,TrueSeq,NA,2
251,iso_add_count,PT_39_S7_L001_R1_001,3378,Lab4,TrueSeq,NA,3
252,iso_add_count,PT_40_S8_L001_R1_001,3380,Lab4,TrueSeq,NA,4
257,iso_add_count,Plas_N13_S13_L008_R1_001,4592,Lab4,NEBNext,NA,1
258,iso_add_count,Plas_N14_S14_L008_R1_001,4802,Lab4,NEBNext,NA,2
259,iso_add_count,Plas_N15_S15_L008_R1_001,4857,Lab4,NEBNext,NA,3
260,iso_add_count,Plas_N16_S16_L008_R1_001,4080,Lab4,NEBNext,NA,4
277,iso_add_count,PlasmaMP-TruSeq-1,12711,Lab2,TrueSeq,NA,1
278,iso_add_count,PlasmaMP-TruSeq-2,6839,Lab2,TrueSeq,NA,2
279,iso_add_count,PlasmaMP-TruSeq-3,7300,Lab2,TrueSeq,NA,3
280,iso_add_count,PlasmaMP-TruSeq-4,42428,Lab2,TrueSeq,NA,4
281,iso_add_count,PlasmaTruSeq-1_63786_CCGTCC_S5_L006_R1_001,4486,Lab5,TrueSeq,NA,1
282,iso_add_count,PlasmaTruSeq-2_63787_GTAGAG_S6_L006_R1_001,4728,Lab5,TrueSeq,NA,2
283,iso_add_count,PlasmaTruSeq-3_63788_GTCCGC_S7_L006_R1_001,4848,Lab5,TrueSeq,NA,3
284,iso_add_count,PlasmaTruSeq-4_63789_GTGAAA_S8_L006_R1_001,4603,Lab5,TrueSeq,NA,4
285,iso_add_count,TruSeq_Plasma_1_S123_L008_R1_001,335,Lab1,TrueSeq,NA,1
286,iso_add_count,TruSeq_Plasma_2_S124_L008_R1_001,3403,Lab1,TrueSeq,NA,2
287,iso_add_count,TruSeq_Plasma_3_S125_L008_R1_001,3636,Lab1,TrueSeq,NA,3
288,iso_add_count,TruSeq_Plasma_4_S126_L008_R1_001,2182,Lab1,TrueSeq,NA,4
332,iso_snp_count,DE-PlasmaMP-NEB-1_S1_R1_001,28542,Lab1,NEBNext,NA,1
333,iso_snp_count,DE-PlasmaMP-NEB-2_S2_R1_001,27852,Lab1,NEBNext,NA,2
334,iso_snp_count,DE-PlasmaMP-NEB-3_S3_R1_001,22691,Lab1,NEBNext,NA,3
335,iso_snp_count,DE-PlasmaMP-NEB-4_S4_R1_001,22364,Lab1,NEBNext,NA,4
336,iso_snp_count,DG-PlasmaMP-NEB-1_S18_R1_001,21259,Lab2,NEBNext,NA,1
337,iso_snp_count,DG-PlasmaMP-NEB-2_S19_R1_001,20426,Lab2,NEBNext,NA,2
338,iso_snp_count,DG-PlasmaMP-NEB-3_S20_R1_001,19351,Lab2,NEBNext,NA,3
339,iso_snp_count,DG-PlasmaMP-NEB-4_S21_R1_001,21658,Lab2,NEBNext,NA,4
348,iso_snp_count,NEB-Plasma-1_S85553_AGTCAA,21946,Lab5,NEBNext,NA,1
349,iso_snp_count,NEB-Plasma-2_S85554_AGTTCC,21424,Lab5,NEBNext,NA,2
350,iso_snp_count,NEB-Plasma-3_S85555_ATGTCA,19153,Lab5,NEBNext,NA,3
351,iso_snp_count,NEB-Plasma-4_S85556_CCGTCC,23625,Lab5,NEBNext,NA,4
352,iso_snp_count,PT_37_S5_L001_R1_001,6502,Lab4,TrueSeq,NA,1
353,iso_snp_count,PT_38_S6_L001_R1_001,6279,Lab4,TrueSeq,NA,2
354,iso_snp_count,PT_39_S7_L001_R1_001,6537,Lab4,TrueSeq,NA,3
355,iso_snp_count,PT_40_S8_L001_R1_001,6314,Lab4,TrueSeq,NA,4
360,iso_snp_count,Plas_N13_S13_L008_R1_001,5974,Lab4,NEBNext,NA,1
361,iso_snp_count,Plas_N14_S14_L008_R1_001,5902,Lab4,NEBNext,NA,2
362,iso_snp_count,Plas_N15_S15_L008_R1_001,6412,Lab4,NEBNext,NA,3
363,iso_snp_count,Plas_N16_S16_L008_R1_001,4708,Lab4,NEBNext,NA,4
380,iso_snp_count,PlasmaMP-TruSeq-1,10449,Lab2,TrueSeq,NA,1
381,iso_snp_count,PlasmaMP-TruSeq-2,9386,Lab2,TrueSeq,NA,2
382,iso_snp_count,PlasmaMP-TruSeq-3,8435,Lab2,TrueSeq,NA,3
383,iso_snp_count,PlasmaMP-TruSeq-4,12378,Lab2,TrueSeq,NA,4
384,iso_snp_count,PlasmaTruSeq-1_63786_CCGTCC_S5_L006_R1_001,5340,Lab5,TrueSeq,NA,1
385,iso_snp_count,PlasmaTruSeq-2_63787_GTAGAG_S6_L006_R1_001,5822,Lab5,TrueSeq,NA,2
386,iso_snp_count,PlasmaTruSeq-3_63788_GTCCGC_S7_L006_R1_001,5736,Lab5,TrueSeq,NA,3
387,iso_snp_count,PlasmaTruSeq-4_63789_GTGAAA_S8_L006_R1_001,5823,Lab5,TrueSeq,NA,4
388,iso_snp_count,TruSeq_Plasma_1_S123_L008_R1_001,360,Lab1,TrueSeq,NA,1
389,iso_snp_count,TruSeq_Plasma_2_S124_L008_R1_001,5210,Lab1,TrueSeq,NA,2
390,iso_snp_count,TruSeq_Plasma_3_S125_L008_R1_001,6828,Lab1,TrueSeq,NA,3
391,iso_snp_count,TruSeq_Plasma_4_S126_L008_R1_001,3467,Lab1,TrueSeq,NA,4
435,iso_snp_central_count,DE-PlasmaMP-NEB-1_S1_R1_001,11090,Lab1,NEBNext,NA,1
436,iso_snp_central_count,DE-PlasmaMP-NEB-2_S2_R1_001,10635,Lab1,NEBNext,NA,2
437,iso_snp_central_count,DE-PlasmaMP-NEB-3_S3_R1_001,9136,Lab1,NEBNext,NA,3
438,iso_snp_central_count,DE-PlasmaMP-NEB-4_S4_R1_001,9005,Lab1,NEBNext,NA,4
439,iso_snp_central_count,DG-PlasmaMP-NEB-1_S18_R1_001,8622,Lab2,NEBNext,NA,1
440,iso_snp_central_count,DG-PlasmaMP-NEB-2_S19_R1_001,8559,Lab2,NEBNext,NA,2
441,iso_snp_central_count,DG-PlasmaMP-NEB-3_S20_R1_001,8003,Lab2,NEBNext,NA,3
442,iso_snp_central_count,DG-PlasmaMP-NEB-4_S21_R1_001,8352,Lab2,NEBNext,NA,4
451,iso_snp_central_count,NEB-Plasma-1_S85553_AGTCAA,8817,Lab5,NEBNext,NA,1
452,iso_snp_central_count,NEB-Plasma-2_S85554_AGTTCC,8792,Lab5,NEBNext,NA,2
453,iso_snp_central_count,NEB-Plasma-3_S85555_ATGTCA,7731,Lab5,NEBNext,NA,3
454,iso_snp_central_count,NEB-Plasma-4_S85556_CCGTCC,9688,Lab5,NEBNext,NA,4
455,iso_snp_central_count,PT_37_S5_L001_R1_001,1673,Lab4,TrueSeq,NA,1
456,iso_snp_central_count,PT_38_S6_L001_R1_001,1510,Lab4,TrueSeq,NA,2
457,iso_snp_central_count,PT_39_S7_L001_R1_001,1617,Lab4,TrueSeq,NA,3
458,iso_snp_central_count,PT_40_S8_L001_R1_001,1565,Lab4,TrueSeq,NA,4
463,iso_snp_central_count,Plas_N13_S13_L008_R1_001,2028,Lab4,NEBNext,NA,1
464,iso_snp_central_count,Plas_N14_S14_L008_R1_001,1936,Lab4,NEBNext,NA,2
465,iso_snp_central_count,Plas_N15_S15_L008_R1_001,2094,Lab4,NEBNext,NA,3
466,iso_snp_central_count,Plas_N16_S16_L008_R1_001,1646,Lab4,NEBNext,NA,4
483,iso_snp_central_count,PlasmaMP-TruSeq-1,3761,Lab2,TrueSeq,NA,1
484,iso_snp_central_count,PlasmaMP-TruSeq-2,3572,Lab2,TrueSeq,NA,2
485,iso_snp_central_count,PlasmaMP-TruSeq-3,2962,Lab2,TrueSeq,NA,3
486,iso_snp_central_count,PlasmaMP-TruSeq-4,3412,Lab2,TrueSeq,NA,4
487,iso_snp_central_count,PlasmaTruSeq-1_63786_CCGTCC_S5_L006_R1_001,1819,Lab5,TrueSeq,NA,1
488,iso_snp_central_count,PlasmaTruSeq-2_63787_GTAGAG_S6_L006_R1_001,1970,Lab5,TrueSeq,NA,2
489,iso_snp_central_count,PlasmaTruSeq-3_63788_GTCCGC_S7_L006_R1_001,1919,Lab5,TrueSeq,NA,3
490,iso_snp_central_count,PlasmaTruSeq-4_63789_GTGAAA_S8_L006_R1_001,1873,Lab5,TrueSeq,NA,4
491,iso_snp_central_count,TruSeq_Plasma_1_S123_L008_R1_001,134,Lab1,TrueSeq,NA,1
492,iso_snp_central_count,TruSeq_Plasma_2_S124_L008_R1_001,2370,Lab1,TrueSeq,NA,2
493,iso_snp_central_count,TruSeq_Plasma_3_S125_L008_R1_001,2561,Lab1,TrueSeq,NA,3
494,iso_snp_central_count,TruSeq_Plasma_4_S126_L008_R1_001,1456,Lab1,TrueSeq,NA,4
538,iso_snp_central_offset_count,DE-PlasmaMP-NEB-1_S1_R1_001,3473,Lab1,NEBNext,NA,1
539,iso_snp_central_offset_count,DE-PlasmaMP-NEB-2_S2_R1_001,3294,Lab1,NEBNext,NA,2
540,iso_snp_central_offset_count,DE-PlasmaMP-NEB-3_S3_R1_001,2815,Lab1,NEBNext,NA,3
541,iso_snp_central_offset_count,DE-PlasmaMP-NEB-4_S4_R1_001,2746,Lab1,NEBNext,NA,4
542,iso_snp_central_offset_count,DG-PlasmaMP-NEB-1_S18_R1_001,2818,Lab2,NEBNext,NA,1
543,iso_snp_central_offset_count,DG-PlasmaMP-NEB-2_S19_R1_001,2729,Lab2,NEBNext,NA,2
544,iso_snp_central_offset_count,DG-PlasmaMP-NEB-3_S20_R1_001,2658,Lab2,NEBNext,NA,3
545,iso_snp_central_offset_count,DG-PlasmaMP-NEB-4_S21_R1_001,2780,Lab2,NEBNext,NA,4
554,iso_snp_central_offset_count,NEB-Plasma-1_S85553_AGTCAA,2734,Lab5,NEBNext,NA,1
555,iso_snp_central_offset_count,NEB-Plasma-2_S85554_AGTTCC,2756,Lab5,NEBNext,NA,2
556,iso_snp_central_offset_count,NEB-Plasma-3_S85555_ATGTCA,2390,Lab5,NEBNext,NA,3
557,iso_snp_central_offset_count,NEB-Plasma-4_S85556_CCGTCC,3116,Lab5,NEBNext,NA,4
558,iso_snp_central_offset_count,PT_37_S5_L001_R1_001,508,Lab4,TrueSeq,NA,1
559,iso_snp_central_offset_count,PT_38_S6_L001_R1_001,500,Lab4,TrueSeq,NA,2
560,iso_snp_central_offset_count,PT_39_S7_L001_R1_001,479,Lab4,TrueSeq,NA,3
561,iso_snp_central_offset_count,PT_40_S8_L001_R1_001,500,Lab4,TrueSeq,NA,4
566,iso_snp_central_offset_count,Plas_N13_S13_L008_R1_001,932,Lab4,NEBNext,NA,1
567,iso_snp_central_offset_count,Plas_N14_S14_L008_R1_001,915,Lab4,NEBNext,NA,2
568,iso_snp_central_offset_count,Plas_N15_S15_L008_R1_001,971,Lab4,NEBNext,NA,3
569,iso_snp_central_offset_count,Plas_N16_S16_L008_R1_001,796,Lab4,NEBNext,NA,4
586,iso_snp_central_offset_count,PlasmaMP-TruSeq-1,877,Lab2,TrueSeq,NA,1
587,iso_snp_central_offset_count,PlasmaMP-TruSeq-2,809,Lab2,TrueSeq,NA,2
588,iso_snp_central_offset_count,PlasmaMP-TruSeq-3,719,Lab2,TrueSeq,NA,3
589,iso_snp_central_offset_count,PlasmaMP-TruSeq-4,842,Lab2,TrueSeq,NA,4
590,iso_snp_central_offset_count,PlasmaTruSeq-1_63786_CCGTCC_S5_L006_R1_001,424,Lab5,TrueSeq,NA,1
591,iso_snp_central_offset_count,PlasmaTruSeq-2_63787_GTAGAG_S6_L006_R1_001,538,Lab5,TrueSeq,NA,2
592,iso_snp_central_offset_count,PlasmaTruSeq-3_63788_GTCCGC_S7_L006_R1_001,513,Lab5,TrueSeq,NA,3
593,iso_snp_central_offset_count,PlasmaTruSeq-4_63789_GTGAAA_S8_L006_R1_001,500,Lab5,TrueSeq,NA,4
594,iso_snp_central_offset_count,TruSeq_Plasma_1_S123_L008_R1_001,30,Lab1,TrueSeq,NA,1
595,iso_snp_central_offset_count,TruSeq_Plasma_2_S124_L008_R1_001,334,Lab1,TrueSeq,NA,2
596,iso_snp_central_offset_count,TruSeq_Plasma_3_S125_L008_R1_001,397,Lab1,TrueSeq,NA,3
597,iso_snp_central_offset_count,TruSeq_Plasma_4_S126_L008_R1_001,221,Lab1,TrueSeq,NA,4
641,iso_snp_central_supp_count,DE-PlasmaMP-NEB-1_S1_R1_001,18974,Lab1,NEBNext,NA,1
642,iso_snp_central_supp_count,DE-PlasmaMP-NEB-2_S2_R1_001,18259,Lab1,NEBNext,NA,2
643,iso_snp_central_supp_count,DE-PlasmaMP-NEB-3_S3_R1_001,15766,Lab1,NEBNext,NA,3
644,iso_snp_central_supp_count,DE-PlasmaMP-NEB-4_S4_R1_001,15585,Lab1,NEBNext,NA,4
645,iso_snp_central_supp_count,DG-PlasmaMP-NEB-1_S18_R1_001,15034,Lab2,NEBNext,NA,1
646,iso_snp_central_supp_count,DG-PlasmaMP-NEB-2_S19_R1_001,14940,Lab2,NEBNext,NA,2
647,iso_snp_central_supp_count,DG-PlasmaMP-NEB-3_S20_R1_001,13611,Lab2,NEBNext,NA,3
648,iso_snp_central_supp_count,DG-PlasmaMP-NEB-4_S21_R1_001,14744,Lab2,NEBNext,NA,4
657,iso_snp_central_supp_count,NEB-Plasma-1_S85553_AGTCAA,15881,Lab5,NEBNext,NA,1
658,iso_snp_central_supp_count,NEB-Plasma-2_S85554_AGTTCC,15829,Lab5,NEBNext,NA,2
659,iso_snp_central_supp_count,NEB-Plasma-3_S85555_ATGTCA,13680,Lab5,NEBNext,NA,3
660,iso_snp_central_supp_count,NEB-Plasma-4_S85556_CCGTCC,17238,Lab5,NEBNext,NA,4
661,iso_snp_central_supp_count,PT_37_S5_L001_R1_001,3890,Lab4,TrueSeq,NA,1
662,iso_snp_central_supp_count,PT_38_S6_L001_R1_001,3672,Lab4,TrueSeq,NA,2
663,iso_snp_central_supp_count,PT_39_S7_L001_R1_001,3833,Lab4,TrueSeq,NA,3
664,iso_snp_central_supp_count,PT_40_S8_L001_R1_001,3844,Lab4,TrueSeq,NA,4
669,iso_snp_central_supp_count,Plas_N13_S13_L008_R1_001,3988,Lab4,NEBNext,NA,1
670,iso_snp_central_supp_count,Plas_N14_S14_L008_R1_001,3844,Lab4,NEBNext,NA,2
671,iso_snp_central_supp_count,Plas_N15_S15_L008_R1_001,4273,Lab4,NEBNext,NA,3
672,iso_snp_central_supp_count,Plas_N16_S16_L008_R1_001,3438,Lab4,NEBNext,NA,4
689,iso_snp_central_supp_count,PlasmaMP-TruSeq-1,6857,Lab2,TrueSeq,NA,1
690,iso_snp_central_supp_count,PlasmaMP-TruSeq-2,6394,Lab2,TrueSeq,NA,2
691,iso_snp_central_supp_count,PlasmaMP-TruSeq-3,5650,Lab2,TrueSeq,NA,3
692,iso_snp_central_supp_count,PlasmaMP-TruSeq-4,6997,Lab2,TrueSeq,NA,4
693,iso_snp_central_supp_count,PlasmaTruSeq-1_63786_CCGTCC_S5_L006_R1_001,3508,Lab5,TrueSeq,NA,1
694,iso_snp_central_supp_count,PlasmaTruSeq-2_63787_GTAGAG_S6_L006_R1_001,3838,Lab5,TrueSeq,NA,2
695,iso_snp_central_supp_count,PlasmaTruSeq-3_63788_GTCCGC_S7_L006_R1_001,3769,Lab5,TrueSeq,NA,3
696,iso_snp_central_supp_count,PlasmaTruSeq-4_63789_GTGAAA_S8_L006_R1_001,3823,Lab5,TrueSeq,NA,4
697,iso_snp_central_supp_count,TruSeq_Plasma_1_S123_L008_R1_001,327,Lab1,TrueSeq,NA,1
698,iso_snp_central_supp_count,TruSeq_Plasma_2_S124_L008_R1_001,7598,Lab1,TrueSeq,NA,2
699,iso_snp_central_supp_count,TruSeq_Plasma_3_S125_L008_R1_001,8628,Lab1,TrueSeq,NA,3
700,iso_snp_central_supp_count,TruSeq_Plasma_4_S126_L008_R1_001,4690,Lab1,TrueSeq,NA,4
744,iso_snp_seed_count,DE-PlasmaMP-NEB-1_S1_R1_001,14938,Lab1,NEBNext,NA,1
745,iso_snp_seed_count,DE-PlasmaMP-NEB-2_S2_R1_001,14131,Lab1,NEBNext,NA,2
746,iso_snp_seed_count,DE-PlasmaMP-NEB-3_S3_R1_001,11908,Lab1,NEBNext,NA,3
747,iso_snp_seed_count,DE-PlasmaMP-NEB-4_S4_R1_001,11616,Lab1,NEBNext,NA,4
748,iso_snp_seed_count,DG-PlasmaMP-NEB-1_S18_R1_001,11736,Lab2,NEBNext,NA,1
749,iso_snp_seed_count,DG-PlasmaMP-NEB-2_S19_R1_001,11473,Lab2,NEBNext,NA,2
750,iso_snp_seed_count,DG-PlasmaMP-NEB-3_S20_R1_001,11042,Lab2,NEBNext,NA,3
751,iso_snp_seed_count,DG-PlasmaMP-NEB-4_S21_R1_001,11400,Lab2,NEBNext,NA,4
760,iso_snp_seed_count,NEB-Plasma-1_S85553_AGTCAA,11020,Lab5,NEBNext,NA,1
761,iso_snp_seed_count,NEB-Plasma-2_S85554_AGTTCC,11111,Lab5,NEBNext,NA,2
762,iso_snp_seed_count,NEB-Plasma-3_S85555_ATGTCA,9696,Lab5,NEBNext,NA,3
763,iso_snp_seed_count,NEB-Plasma-4_S85556_CCGTCC,12266,Lab5,NEBNext,NA,4
764,iso_snp_seed_count,PT_37_S5_L001_R1_001,1749,Lab4,TrueSeq,NA,1
765,iso_snp_seed_count,PT_38_S6_L001_R1_001,1687,Lab4,TrueSeq,NA,2
766,iso_snp_seed_count,PT_39_S7_L001_R1_001,1830,Lab4,TrueSeq,NA,3
767,iso_snp_seed_count,PT_40_S8_L001_R1_001,1651,Lab4,TrueSeq,NA,4
772,iso_snp_seed_count,Plas_N13_S13_L008_R1_001,2612,Lab4,NEBNext,NA,1
773,iso_snp_seed_count,Plas_N14_S14_L008_R1_001,2617,Lab4,NEBNext,NA,2
774,iso_snp_seed_count,Plas_N15_S15_L008_R1_001,2758,Lab4,NEBNext,NA,3
775,iso_snp_seed_count,Plas_N16_S16_L008_R1_001,2080,Lab4,NEBNext,NA,4
792,iso_snp_seed_count,PlasmaMP-TruSeq-1,10380,Lab2,TrueSeq,NA,1
793,iso_snp_seed_count,PlasmaMP-TruSeq-2,4940,Lab2,TrueSeq,NA,2
794,iso_snp_seed_count,PlasmaMP-TruSeq-3,5209,Lab2,TrueSeq,NA,3
795,iso_snp_seed_count,PlasmaMP-TruSeq-4,37781,Lab2,TrueSeq,NA,4
796,iso_snp_seed_count,PlasmaTruSeq-1_63786_CCGTCC_S5_L006_R1_001,3248,Lab5,TrueSeq,NA,1
797,iso_snp_seed_count,PlasmaTruSeq-2_63787_GTAGAG_S6_L006_R1_001,3426,Lab5,TrueSeq,NA,2
798,iso_snp_seed_count,PlasmaTruSeq-3_63788_GTCCGC_S7_L006_R1_001,3762,Lab5,TrueSeq,NA,3
799,iso_snp_seed_count,PlasmaTruSeq-4_63789_GTGAAA_S8_L006_R1_001,3469,Lab5,TrueSeq,NA,4
800,iso_snp_seed_count,TruSeq_Plasma_1_S123_L008_R1_001,122,Lab1,TrueSeq,NA,1
801,iso_snp_seed_count,TruSeq_Plasma_2_S124_L008_R1_001,2754,Lab1,TrueSeq,NA,2
802,iso_snp_seed_count,TruSeq_Plasma_3_S125_L008_R1_001,3131,Lab1,TrueSeq,NA,3
803,iso_snp_seed_count,TruSeq_Plasma_4_S126_L008_R1_001,1754,Lab1,TrueSeq,NA,4
847,isomiR_count,DE-PlasmaMP-NEB-1_S1_R1_001,44647,Lab1,NEBNext,NA,1
848,isomiR_count,DE-PlasmaMP-NEB-2_S2_R1_001,42698,Lab1,NEBNext,NA,2
849,isomiR_count,DE-PlasmaMP-NEB-3_S3_R1_001,36028,Lab1,NEBNext,NA,3
850,isomiR_count,DE-PlasmaMP-NEB-4_S4_R1_001,35555,Lab1,NEBNext,NA,4
851,isomiR_count,DG-PlasmaMP-NEB-1_S18_R1_001,33747,Lab2,NEBNext,NA,1
852,isomiR_count,DG-PlasmaMP-NEB-2_S19_R1_001,32533,Lab2,NEBNext,NA,2
853,isomiR_count,DG-PlasmaMP-NEB-3_S20_R1_001,31786,Lab2,NEBNext,NA,3
854,isomiR_count,DG-PlasmaMP-NEB-4_S21_R1_001,33841,Lab2,NEBNext,NA,4
863,isomiR_count,NEB-Plasma-1_S85553_AGTCAA,33834,Lab5,NEBNext,NA,1
864,isomiR_count,NEB-Plasma-2_S85554_AGTTCC,34270,Lab5,NEBNext,NA,2
865,isomiR_count,NEB-Plasma-3_S85555_ATGTCA,31072,Lab5,NEBNext,NA,3
866,isomiR_count,NEB-Plasma-4_S85556_CCGTCC,38234,Lab5,NEBNext,NA,4
867,isomiR_count,PT_37_S5_L001_R1_001,9801,Lab4,TrueSeq,NA,1
868,isomiR_count,PT_38_S6_L001_R1_001,9476,Lab4,TrueSeq,NA,2
869,isomiR_count,PT_39_S7_L001_R1_001,9757,Lab4,TrueSeq,NA,3
870,isomiR_count,PT_40_S8_L001_R1_001,9377,Lab4,TrueSeq,NA,4
875,isomiR_count,Plas_N13_S13_L008_R1_001,11433,Lab4,NEBNext,NA,1
876,isomiR_count,Plas_N14_S14_L008_R1_001,11349,Lab4,NEBNext,NA,2
877,isomiR_count,Plas_N15_S15_L008_R1_001,11989,Lab4,NEBNext,NA,3
878,isomiR_count,Plas_N16_S16_L008_R1_001,9431,Lab4,NEBNext,NA,4
895,isomiR_count,PlasmaMP-TruSeq-1,23055,Lab2,TrueSeq,NA,1
896,isomiR_count,PlasmaMP-TruSeq-2,17503,Lab2,TrueSeq,NA,2
897,isomiR_count,PlasmaMP-TruSeq-3,16438,Lab2,TrueSeq,NA,3
898,isomiR_count,PlasmaMP-TruSeq-4,52368,Lab2,TrueSeq,NA,4
899,isomiR_count,PlasmaTruSeq-1_63786_CCGTCC_S5_L006_R1_001,10862,Lab5,TrueSeq,NA,1
900,isomiR_count,PlasmaTruSeq-2_63787_GTAGAG_S6_L006_R1_001,11795,Lab5,TrueSeq,NA,2
901,isomiR_count,PlasmaTruSeq-3_63788_GTCCGC_S7_L006_R1_001,11834,Lab5,TrueSeq,NA,3
902,isomiR_count,PlasmaTruSeq-4_63789_GTGAAA_S8_L006_R1_001,11554,Lab5,TrueSeq,NA,4
903,isomiR_count,TruSeq_Plasma_1_S123_L008_R1_001,1178,Lab1,TrueSeq,NA,1
904,isomiR_count,TruSeq_Plasma_2_S124_L008_R1_001,9698,Lab1,TrueSeq,NA,2
905,isomiR_count,TruSeq_Plasma_3_S125_L008_R1_001,11770,Lab1,TrueSeq,NA,3
906,isomiR_count,TruSeq_Plasma_4_S126_L008_R1_001,6438,Lab1,TrueSeq,NA,4
950,ref_miRNA_count,DE-PlasmaMP-NEB-1_S1_R1_001,423,Lab1,NEBNext,NA,1
951,ref_miRNA_count,DE-PlasmaMP-NEB-2_S2_R1_001,378,Lab1,NEBNext,NA,2
952,ref_miRNA_count,DE-PlasmaMP-NEB-3_S3_R1_001,368,Lab1,NEBNext,NA,3
953,ref_miRNA_count,DE-PlasmaMP-NEB-4_S4_R1_001,343,Lab1,NEBNext,NA,4
954,ref_miRNA_count,DG-PlasmaMP-NEB-1_S18_R1_001,234,Lab2,NEBNext,NA,1
955,ref_miRNA_count,DG-PlasmaMP-NEB-2_S19_R1_001,243,Lab2,NEBNext,NA,2
956,ref_miRNA_count,DG-PlasmaMP-NEB-3_S20_R1_001,232,Lab2,NEBNext,NA,3
957,ref_miRNA_count,DG-PlasmaMP-NEB-4_S21_R1_001,223,Lab2,NEBNext,NA,4
966,ref_miRNA_count,NEB-Plasma-1_S85553_AGTCAA,367,Lab5,NEBNext,NA,1
967,ref_miRNA_count,NEB-Plasma-2_S85554_AGTTCC,296,Lab5,NEBNext,NA,2
968,ref_miRNA_count,NEB-Plasma-3_S85555_ATGTCA,362,Lab5,NEBNext,NA,3
969,ref_miRNA_count,NEB-Plasma-4_S85556_CCGTCC,334,Lab5,NEBNext,NA,4
970,ref_miRNA_count,PT_37_S5_L001_R1_001,575,Lab4,TrueSeq,NA,1
971,ref_miRNA_count,PT_38_S6_L001_R1_001,585,Lab4,TrueSeq,NA,2
972,ref_miRNA_count,PT_39_S7_L001_R1_001,577,Lab4,TrueSeq,NA,3
973,ref_miRNA_count,PT_40_S8_L001_R1_001,570,Lab4,TrueSeq,NA,4
978,ref_miRNA_count,Plas_N13_S13_L008_R1_001,343,Lab4,NEBNext,NA,1
979,ref_miRNA_count,Plas_N14_S14_L008_R1_001,358,Lab4,NEBNext,NA,2
980,ref_miRNA_count,Plas_N15_S15_L008_R1_001,350,Lab4,NEBNext,NA,3
981,ref_miRNA_count,Plas_N16_S16_L008_R1_001,311,Lab4,NEBNext,NA,4
998,ref_miRNA_count,PlasmaMP-TruSeq-1,542,Lab2,TrueSeq,NA,1
999,ref_miRNA_count,PlasmaMP-TruSeq-2,553,Lab2,TrueSeq,NA,2
1000,ref_miRNA_count,PlasmaMP-TruSeq-3,523,Lab2,TrueSeq,NA,3
1001,ref_miRNA_count,PlasmaMP-TruSeq-4,536,Lab2,TrueSeq,NA,4
1002,ref_miRNA_count,PlasmaTruSeq-1_63786_CCGTCC_S5_L006_R1_001,350,Lab5,TrueSeq,NA,1
1003,ref_miRNA_count,PlasmaTruSeq-2_63787_GTAGAG_S6_L006_R1_001,356,Lab5,TrueSeq,NA,2
1004,ref_miRNA_count,PlasmaTruSeq-3_63788_GTCCGC_S7_L006_R1_001,358,Lab5,TrueSeq,NA,3
1005,ref_miRNA_count,PlasmaTruSeq-4_63789_GTGAAA_S8_L006_R1_001,353,Lab5,TrueSeq,NA,4
1006,ref_miRNA_count,TruSeq_Plasma_1_S123_L008_R1_001,326,Lab1,TrueSeq,NA,1
1007,ref_miRNA_count,TruSeq_Plasma_2_S124_L008_R1_001,516,Lab1,TrueSeq,NA,2
1008,ref_miRNA_count,TruSeq_Plasma_3_S125_L008_R1_001,523,Lab1,TrueSeq,NA,3
1009,ref_miRNA_count,TruSeq_Plasma_4_S126_L008_R1_001,492,Lab1,TrueSeq,NA,4
23,iso_3p_mean,DE-PlasmaMP-NEB-1_S1_R1_001,40.3200829384,Lab1,NEBNext,NA,1
24,iso_3p_mean,DE-PlasmaMP-NEB-2_S2_R1_001,40.2887833828,Lab1,NEBNext,NA,2
25,iso_3p_mean,DE-PlasmaMP-NEB-3_S3_R1_001,36.3120277721,Lab1,NEBNext,NA,3
26,iso_3p_mean,DE-PlasmaMP-NEB-4_S4_R1_001,35.8631578947,Lab1,NEBNext,NA,4
27,iso_3p_mean,DG-PlasmaMP-NEB-1_S18_R1_001,54.9951791144,Lab2,NEBNext,NA,1
28,iso_3p_mean,DG-PlasmaMP-NEB-2_S19_R1_001,52.4765357031,Lab2,NEBNext,NA,2
29,iso_3p_mean,DG-PlasmaMP-NEB-3_S20_R1_001,55.5065512979,Lab2,NEBNext,NA,3
30,iso_3p_mean,DG-PlasmaMP-NEB-4_S21_R1_001,49.0949543414,Lab2,NEBNext,NA,4
39,iso_3p_mean,NEB-Plasma-1_S85553_AGTCAA,43.9064873418,Lab5,NEBNext,NA,1
40,iso_3p_mean,NEB-Plasma-2_S85554_AGTTCC,47.4847242633,Lab5,NEBNext,NA,2
41,iso_3p_mean,NEB-Plasma-3_S85555_ATGTCA,37.0714224471,Lab5,NEBNext,NA,3
42,iso_3p_mean,NEB-Plasma-4_S85556_CCGTCC,42.7688562854,Lab5,NEBNext,NA,4
43,iso_3p_mean,PT_37_S5_L001_R1_001,42.1422398272,Lab4,TrueSeq,NA,1
44,iso_3p_mean,PT_38_S6_L001_R1_001,35.9927203065,Lab4,TrueSeq,NA,2
45,iso_3p_mean,PT_39_S7_L001_R1_001,37.3717514124,Lab4,TrueSeq,NA,3
46,iso_3p_mean,PT_40_S8_L001_R1_001,38.3637059724,Lab4,TrueSeq,NA,4
51,iso_3p_mean,Plas_N13_S13_L008_R1_001,17.4039517014,Lab4,NEBNext,NA,1
52,iso_3p_mean,Plas_N14_S14_L008_R1_001,17.9281064251,Lab4,NEBNext,NA,2
53,iso_3p_mean,Plas_N15_S15_L008_R1_001,17.7864342141,Lab4,NEBNext,NA,3
54,iso_3p_mean,Plas_N16_S16_L008_R1_001,15.9539835165,Lab4,NEBNext,NA,4
71,iso_3p_mean,PlasmaMP-TruSeq-1,65.4928366762,Lab2,TrueSeq,NA,1
72,iso_3p_mean,PlasmaMP-TruSeq-2,65.1388787768,Lab2,TrueSeq,NA,2
73,iso_3p_mean,PlasmaMP-TruSeq-3,60.9732408325,Lab2,TrueSeq,NA,3
74,iso_3p_mean,PlasmaMP-TruSeq-4,64.0059062385,Lab2,TrueSeq,NA,4
75,iso_3p_mean,PlasmaTruSeq-1_63786_CCGTCC_S5_L006_R1_001,99.4889705882,Lab5,TrueSeq,NA,1
76,iso_3p_mean,PlasmaTruSeq-2_63787_GTAGAG_S6_L006_R1_001,108.318383555,Lab5,TrueSeq,NA,2
77,iso_3p_mean,PlasmaTruSeq-3_63788_GTCCGC_S7_L006_R1_001,107.911465893,Lab5,TrueSeq,NA,3
78,iso_3p_mean,PlasmaTruSeq-4_63789_GTGAAA_S8_L006_R1_001,118.807137619,Lab5,TrueSeq,NA,4
79,iso_3p_mean,TruSeq_Plasma_1_S123_L008_R1_001,2.80898876404,Lab1,TrueSeq,NA,1
80,iso_3p_mean,TruSeq_Plasma_2_S124_L008_R1_001,5.41154387611,Lab1,TrueSeq,NA,2
81,iso_3p_mean,TruSeq_Plasma_3_S125_L008_R1_001,4.69160915365,Lab1,TrueSeq,NA,3
82,iso_3p_mean,TruSeq_Plasma_4_S126_L008_R1_001,4.84658298466,Lab1,TrueSeq,NA,4
126,iso_5p_mean,DE-PlasmaMP-NEB-1_S1_R1_001,14.9118084474,Lab1,NEBNext,NA,1
127,iso_5p_mean,DE-PlasmaMP-NEB-2_S2_R1_001,14.9576003608,Lab1,NEBNext,NA,2
128,iso_5p_mean,DE-PlasmaMP-NEB-3_S3_R1_001,13.5228993869,Lab1,NEBNext,NA,3
129,iso_5p_mean,DE-PlasmaMP-NEB-4_S4_R1_001,13.0339044184,Lab1,NEBNext,NA,4
130,iso_5p_mean,DG-PlasmaMP-NEB-1_S18_R1_001,29.0738159071,Lab2,NEBNext,NA,1
131,iso_5p_mean,DG-PlasmaMP-NEB-2_S19_R1_001,28.164997165,Lab2,NEBNext,NA,2
132,iso_5p_mean,DG-PlasmaMP-NEB-3_S20_R1_001,30.1485109718,Lab2,NEBNext,NA,3
133,iso_5p_mean,DG-PlasmaMP-NEB-4_S21_R1_001,25.5684475625,Lab2,NEBNext,NA,4
142,iso_5p_mean,NEB-Plasma-1_S85553_AGTCAA,18.220702403,Lab5,NEBNext,NA,1
143,iso_5p_mean,NEB-Plasma-2_S85554_AGTTCC,18.6608695652,Lab5,NEBNext,NA,2
144,iso_5p_mean,NEB-Plasma-3_S85555_ATGTCA,13.8600437985,Lab5,NEBNext,NA,3
145,iso_5p_mean,NEB-Plasma-4_S85556_CCGTCC,15.8169480305,Lab5,NEBNext,NA,4
146,iso_5p_mean,PT_37_S5_L001_R1_001,8.75453677173,Lab4,TrueSeq,NA,1
147,iso_5p_mean,PT_38_S6_L001_R1_001,7.54685890834,Lab4,TrueSeq,NA,2
148,iso_5p_mean,PT_39_S7_L001_R1_001,7.60471834377,Lab4,TrueSeq,NA,3
149,iso_5p_mean,PT_40_S8_L001_R1_001,7.94162436548,Lab4,TrueSeq,NA,4
154,iso_5p_mean,Plas_N13_S13_L008_R1_001,6.07855153203,Lab4,NEBNext,NA,1
155,iso_5p_mean,Plas_N14_S14_L008_R1_001,6.21297359357,Lab4,NEBNext,NA,2
156,iso_5p_mean,Plas_N15_S15_L008_R1_001,6.34491701245,Lab4,NEBNext,NA,3
157,iso_5p_mean,Plas_N16_S16_L008_R1_001,12.3162650602,Lab4,NEBNext,NA,4
174,iso_5p_mean,PlasmaMP-TruSeq-1,5.91807621765,Lab2,TrueSeq,NA,1
175,iso_5p_mean,PlasmaMP-TruSeq-2,12.5393660532,Lab2,TrueSeq,NA,2
176,iso_5p_mean,PlasmaMP-TruSeq-3,9.52336038605,Lab2,TrueSeq,NA,3
177,iso_5p_mean,PlasmaMP-TruSeq-4,2.41134680557,Lab2,TrueSeq,NA,4
178,iso_5p_mean,PlasmaTruSeq-1_63786_CCGTCC_S5_L006_R1_001,14.7574334898,Lab5,TrueSeq,NA,1
179,iso_5p_mean,PlasmaTruSeq-2_63787_GTAGAG_S6_L006_R1_001,17.6456903127,Lab5,TrueSeq,NA,2
180,iso_5p_mean,PlasmaTruSeq-3_63788_GTCCGC_S7_L006_R1_001,15.550052687,Lab5,TrueSeq,NA,3
181,iso_5p_mean,PlasmaTruSeq-4_63789_GTGAAA_S8_L006_R1_001,17.6144851,Lab5,TrueSeq,NA,4
182,iso_5p_mean,TruSeq_Plasma_1_S123_L008_R1_001,3.04769736842,Lab1,TrueSeq,NA,1
183,iso_5p_mean,TruSeq_Plasma_2_S124_L008_R1_001,28.6894985809,Lab1,TrueSeq,NA,2
184,iso_5p_mean,TruSeq_Plasma_3_S125_L008_R1_001,26.2465116279,Lab1,TrueSeq,NA,3
185,iso_5p_mean,TruSeq_Plasma_4_S126_L008_R1_001,17.9011461318,Lab1,TrueSeq,NA,4
229,iso_add_mean,DE-PlasmaMP-NEB-1_S1_R1_001,24.8591350674,Lab1,NEBNext,NA,1
230,iso_add_mean,DE-PlasmaMP-NEB-2_S2_R1_001,24.0246759721,Lab1,NEBNext,NA,2
231,iso_add_mean,DE-PlasmaMP-NEB-3_S3_R1_001,21.2294049743,Lab1,NEBNext,NA,3
232,iso_add_mean,DE-PlasmaMP-NEB-4_S4_R1_001,19.9075603558,Lab1,NEBNext,NA,4
233,iso_add_mean,DG-PlasmaMP-NEB-1_S18_R1_001,39.880076344,Lab2,NEBNext,NA,1
234,iso_add_mean,DG-PlasmaMP-NEB-2_S19_R1_001,36.1779088472,Lab2,NEBNext,NA,2
235,iso_add_mean,DG-PlasmaMP-NEB-3_S20_R1_001,41.7996439045,Lab2,NEBNext,NA,3
236,iso_add_mean,DG-PlasmaMP-NEB-4_S21_R1_001,36.3840931135,Lab2,NEBNext,NA,4
245,iso_add_mean,NEB-Plasma-1_S85553_AGTCAA,31.0866203387,Lab5,NEBNext,NA,1
246,iso_add_mean,NEB-Plasma-2_S85554_AGTTCC,33.2686915888,Lab5,NEBNext,NA,2
247,iso_add_mean,NEB-Plasma-3_S85555_ATGTCA,26.482208589,Lab5,NEBNext,NA,3
248,iso_add_mean,NEB-Plasma-4_S85556_CCGTCC,29.057167756,Lab5,NEBNext,NA,4
249,iso_add_mean,PT_37_S5_L001_R1_001,38.6965751486,Lab4,TrueSeq,NA,1
250,iso_add_mean,PT_38_S6_L001_R1_001,33.6310063463,Lab4,TrueSeq,NA,2
251,iso_add_mean,PT_39_S7_L001_R1_001,34.9446417999,Lab4,TrueSeq,NA,3
252,iso_add_mean,PT_40_S8_L001_R1_001,36.499704142,Lab4,TrueSeq,NA,4
257,iso_add_mean,Plas_N13_S13_L008_R1_001,16.2582752613,Lab4,NEBNext,NA,1
258,iso_add_mean,Plas_N14_S14_L008_R1_001,16.436484798,Lab4,NEBNext,NA,2
259,iso_add_mean,Plas_N15_S15_L008_R1_001,16.0601194153,Lab4,NEBNext,NA,3
260,iso_add_mean,Plas_N16_S16_L008_R1_001,17.3397058824,Lab4,NEBNext,NA,4
277,iso_add_mean,PlasmaMP-TruSeq-1,24.1528597278,Lab2,TrueSeq,NA,1
278,iso_add_mean,PlasmaMP-TruSeq-2,45.4468489545,Lab2,TrueSeq,NA,2
279,iso_add_mean,PlasmaMP-TruSeq-3,36.5836986301,Lab2,TrueSeq,NA,3
280,iso_add_mean,PlasmaMP-TruSeq-4,7.905722636,Lab2,TrueSeq,NA,4
281,iso_add_mean,PlasmaTruSeq-1_63786_CCGTCC_S5_L006_R1_001,74.8406152474,Lab5,TrueSeq,NA,1
282,iso_add_mean,PlasmaTruSeq-2_63787_GTAGAG_S6_L006_R1_001,86.1245769882,Lab5,TrueSeq,NA,2
283,iso_add_mean,PlasmaTruSeq-3_63788_GTCCGC_S7_L006_R1_001,81.1408828383,Lab5,TrueSeq,NA,3
284,iso_add_mean,PlasmaTruSeq-4_63789_GTGAAA_S8_L006_R1_001,94.4618726917,Lab5,TrueSeq,NA,4
285,iso_add_mean,TruSeq_Plasma_1_S123_L008_R1_001,3.68059701493,Lab1,TrueSeq,NA,1
286,iso_add_mean,TruSeq_Plasma_2_S124_L008_R1_001,31.9826623567,Lab1,TrueSeq,NA,2
287,iso_add_mean,TruSeq_Plasma_3_S125_L008_R1_001,26.646589659,Lab1,TrueSeq,NA,3
288,iso_add_mean,TruSeq_Plasma_4_S126_L008_R1_001,18.8845096242,Lab1,TrueSeq,NA,4
332,iso_snp_mean,DE-PlasmaMP-NEB-1_S1_R1_001,10.737124238,Lab1,NEBNext,NA,1
333,iso_snp_mean,DE-PlasmaMP-NEB-2_S2_R1_001,12.0426540284,Lab1,NEBNext,NA,2
334,iso_snp_mean,DE-PlasmaMP-NEB-3_S3_R1_001,9.88109823278,Lab1,NEBNext,NA,3
335,iso_snp_mean,DE-PlasmaMP-NEB-4_S4_R1_001,10.0901895904,Lab1,NEBNext,NA,4
336,iso_snp_mean,DG-PlasmaMP-NEB-1_S18_R1_001,20.1052730608,Lab2,NEBNext,NA,1
337,iso_snp_mean,DG-PlasmaMP-NEB-2_S19_R1_001,18.639185352,Lab2,NEBNext,NA,2
338,iso_snp_mean,DG-PlasmaMP-NEB-3_S20_R1_001,19.1319311663,Lab2,NEBNext,NA,3
339,iso_snp_mean,DG-PlasmaMP-NEB-4_S21_R1_001,17.9952904239,Lab2,NEBNext,NA,4
348,iso_snp_mean,NEB-Plasma-1_S85553_AGTCAA,11.6803517725,Lab5,NEBNext,NA,1
349,iso_snp_mean,NEB-Plasma-2_S85554_AGTTCC,11.616551531,Lab5,NEBNext,NA,2
350,iso_snp_mean,NEB-Plasma-3_S85555_ATGTCA,9.39617814442,Lab5,NEBNext,NA,3
351,iso_snp_mean,NEB-Plasma-4_S85556_CCGTCC,10.2254391534,Lab5,NEBNext,NA,4
352,iso_snp_mean,PT_37_S5_L001_R1_001,6.37065518302,Lab4,TrueSeq,NA,1
353,iso_snp_mean,PT_38_S6_L001_R1_001,5.62302914477,Lab4,TrueSeq,NA,2
354,iso_snp_mean,PT_39_S7_L001_R1_001,5.54642802509,Lab4,TrueSeq,NA,3
355,iso_snp_mean,PT_40_S8_L001_R1_001,5.61878365537,Lab4,TrueSeq,NA,4
360,iso_snp_mean,Plas_N13_S13_L008_R1_001,5.17325075326,Lab4,NEBNext,NA,1
361,iso_snp_mean,Plas_N14_S14_L008_R1_001,5.28719078279,Lab4,NEBNext,NA,2
362,iso_snp_mean,Plas_N15_S15_L008_R1_001,5.36338116032,Lab4,NEBNext,NA,3
363,iso_snp_mean,Plas_N16_S16_L008_R1_001,5.73513169074,Lab4,NEBNext,NA,4
380,iso_snp_mean,PlasmaMP-TruSeq-1,8.10862283472,Lab2,TrueSeq,NA,1
381,iso_snp_mean,PlasmaMP-TruSeq-2,8.73865331345,Lab2,TrueSeq,NA,2
382,iso_snp_mean,PlasmaMP-TruSeq-3,8.39964433906,Lab2,TrueSeq,NA,3
383,iso_snp_mean,PlasmaMP-TruSeq-4,6.54507998061,Lab2,TrueSeq,NA,4
384,iso_snp_mean,PlasmaTruSeq-1_63786_CCGTCC_S5_L006_R1_001,13.5005617978,Lab5,TrueSeq,NA,1
385,iso_snp_mean,PlasmaTruSeq-2_63787_GTAGAG_S6_L006_R1_001,15.4410855376,Lab5,TrueSeq,NA,2
386,iso_snp_mean,PlasmaTruSeq-3_63788_GTCCGC_S7_L006_R1_001,14.839958159,Lab5,TrueSeq,NA,3
387,iso_snp_mean,PlasmaTruSeq-4_63789_GTGAAA_S8_L006_R1_001,16.0613086038,Lab5,TrueSeq,NA,4
388,iso_snp_mean,TruSeq_Plasma_1_S123_L008_R1_001,1.28888888889,Lab1,TrueSeq,NA,1
389,iso_snp_mean,TruSeq_Plasma_2_S124_L008_R1_001,5.32994241843,Lab1,TrueSeq,NA,2
390,iso_snp_mean,TruSeq_Plasma_3_S125_L008_R1_001,4.46382542472,Lab1,TrueSeq,NA,3
391,iso_snp_mean,TruSeq_Plasma_4_S126_L008_R1_001,3.85982117104,Lab1,TrueSeq,NA,4
435,iso_snp_central_mean,DE-PlasmaMP-NEB-1_S1_R1_001,5.54436429216,Lab1,NEBNext,NA,1
436,iso_snp_central_mean,DE-PlasmaMP-NEB-2_S2_R1_001,5.7315467795,Lab1,NEBNext,NA,2
437,iso_snp_central_mean,DE-PlasmaMP-NEB-3_S3_R1_001,5.29126532399,Lab1,NEBNext,NA,3
438,iso_snp_central_mean,DE-PlasmaMP-NEB-4_S4_R1_001,5.39489172682,Lab1,NEBNext,NA,4
439,iso_snp_central_mean,DG-PlasmaMP-NEB-1_S18_R1_001,10.2945952215,Lab2,NEBNext,NA,1
440,iso_snp_central_mean,DG-PlasmaMP-NEB-2_S19_R1_001,9.75955134946,Lab2,NEBNext,NA,2
441,iso_snp_central_mean,DG-PlasmaMP-NEB-3_S20_R1_001,10.109583906,Lab2,NEBNext,NA,3
442,iso_snp_central_mean,DG-PlasmaMP-NEB-4_S21_R1_001,9.17456896552,Lab2,NEBNext,NA,4
451,iso_snp_central_mean,NEB-Plasma-1_S85553_AGTCAA,6.05069751616,Lab5,NEBNext,NA,1
452,iso_snp_central_mean,NEB-Plasma-2_S85554_AGTTCC,6.35737033667,Lab5,NEBNext,NA,2
453,iso_snp_central_mean,NEB-Plasma-3_S85555_ATGTCA,4.90854999353,Lab5,NEBNext,NA,3
454,iso_snp_central_mean,NEB-Plasma-4_S85556_CCGTCC,5.50134186623,Lab5,NEBNext,NA,4
455,iso_snp_central_mean,PT_37_S5_L001_R1_001,3.06634787806,Lab4,TrueSeq,NA,1
456,iso_snp_central_mean,PT_38_S6_L001_R1_001,2.7761589404,Lab4,TrueSeq,NA,2
457,iso_snp_central_mean,PT_39_S7_L001_R1_001,2.88126159555,Lab4,TrueSeq,NA,3
458,iso_snp_central_mean,PT_40_S8_L001_R1_001,2.78274760383,Lab4,TrueSeq,NA,4
463,iso_snp_central_mean,Plas_N13_S13_L008_R1_001,2.99950690335,Lab4,NEBNext,NA,1
464,iso_snp_central_mean,Plas_N14_S14_L008_R1_001,3.15082644628,Lab4,NEBNext,NA,2
465,iso_snp_central_mean,Plas_N15_S15_L008_R1_001,3.25167144222,Lab4,NEBNext,NA,3
466,iso_snp_central_mean,Plas_N16_S16_L008_R1_001,3.97630619684,Lab4,NEBNext,NA,4
483,iso_snp_central_mean,PlasmaMP-TruSeq-1,3.67030045201,Lab2,TrueSeq,NA,1
484,iso_snp_central_mean,PlasmaMP-TruSeq-2,3.74468085106,Lab2,TrueSeq,NA,2
485,iso_snp_central_mean,PlasmaMP-TruSeq-3,3.78933153275,Lab2,TrueSeq,NA,3
486,iso_snp_central_mean,PlasmaMP-TruSeq-4,3.7878077374,Lab2,TrueSeq,NA,4
487,iso_snp_central_mean,PlasmaTruSeq-1_63786_CCGTCC_S5_L006_R1_001,5.59483232545,Lab5,TrueSeq,NA,1
488,iso_snp_central_mean,PlasmaTruSeq-2_63787_GTAGAG_S6_L006_R1_001,5.75685279188,Lab5,TrueSeq,NA,2
489,iso_snp_central_mean,PlasmaTruSeq-3_63788_GTCCGC_S7_L006_R1_001,5.6492965086,Lab5,TrueSeq,NA,3
490,iso_snp_central_mean,PlasmaTruSeq-4_63789_GTGAAA_S8_L006_R1_001,6.12279765083,Lab5,TrueSeq,NA,4
491,iso_snp_central_mean,TruSeq_Plasma_1_S123_L008_R1_001,2.34328358209,Lab1,TrueSeq,NA,1
492,iso_snp_central_mean,TruSeq_Plasma_2_S124_L008_R1_001,32.9396624473,Lab1,TrueSeq,NA,2
493,iso_snp_central_mean,TruSeq_Plasma_3_S125_L008_R1_001,26.7731354939,Lab1,TrueSeq,NA,3
494,iso_snp_central_mean,TruSeq_Plasma_4_S126_L008_R1_001,19.9347527473,Lab1,TrueSeq,NA,4
538,iso_snp_central_offset_mean,DE-PlasmaMP-NEB-1_S1_R1_001,26.8640944428,Lab1,NEBNext,NA,1
539,iso_snp_central_offset_mean,DE-PlasmaMP-NEB-2_S2_R1_001,26.9411050395,Lab1,NEBNext,NA,2
540,iso_snp_central_offset_mean,DE-PlasmaMP-NEB-3_S3_R1_001,25.7253996448,Lab1,NEBNext,NA,3
541,iso_snp_central_offset_mean,DE-PlasmaMP-NEB-4_S4_R1_001,27.6500364166,Lab1,NEBNext,NA,4
542,iso_snp_central_offset_mean,DG-PlasmaMP-NEB-1_S18_R1_001,43.9304471256,Lab2,NEBNext,NA,1
543,iso_snp_central_offset_mean,DG-PlasmaMP-NEB-2_S19_R1_001,39.3909857091,Lab2,NEBNext,NA,2
544,iso_snp_central_offset_mean,DG-PlasmaMP-NEB-3_S20_R1_001,49.8536493604,Lab2,NEBNext,NA,3
545,iso_snp_central_offset_mean,DG-PlasmaMP-NEB-4_S21_R1_001,44.171942446,Lab2,NEBNext,NA,4
554,iso_snp_central_offset_mean,NEB-Plasma-1_S85553_AGTCAA,49.1071689832,Lab5,NEBNext,NA,1
555,iso_snp_central_offset_mean,NEB-Plasma-2_S85554_AGTTCC,55.3940493469,Lab5,NEBNext,NA,2
556,iso_snp_central_offset_mean,NEB-Plasma-3_S85555_ATGTCA,44.2523012552,Lab5,NEBNext,NA,3
557,iso_snp_central_offset_mean,NEB-Plasma-4_S85556_CCGTCC,47.7445442875,Lab5,NEBNext,NA,4
558,iso_snp_central_offset_mean,PT_37_S5_L001_R1_001,29.9271653543,Lab4,TrueSeq,NA,1
559,iso_snp_central_offset_mean,PT_38_S6_L001_R1_001,22.804,Lab4,TrueSeq,NA,2
560,iso_snp_central_offset_mean,PT_39_S7_L001_R1_001,25.5010438413,Lab4,TrueSeq,NA,3
561,iso_snp_central_offset_mean,PT_40_S8_L001_R1_001,26.156,Lab4,TrueSeq,NA,4
566,iso_snp_central_offset_mean,Plas_N13_S13_L008_R1_001,35.2178111588,Lab4,NEBNext,NA,1
567,iso_snp_central_offset_mean,Plas_N14_S14_L008_R1_001,38.6546448087,Lab4,NEBNext,NA,2
568,iso_snp_central_offset_mean,Plas_N15_S15_L008_R1_001,36.3254376931,Lab4,NEBNext,NA,3
569,iso_snp_central_offset_mean,Plas_N16_S16_L008_R1_001,34.4082914573,Lab4,NEBNext,NA,4
586,iso_snp_central_offset_mean,PlasmaMP-TruSeq-1,12.7822120867,Lab2,TrueSeq,NA,1
587,iso_snp_central_offset_mean,PlasmaMP-TruSeq-2,12.7787391842,Lab2,TrueSeq,NA,2
588,iso_snp_central_offset_mean,PlasmaMP-TruSeq-3,12.4853963839,Lab2,TrueSeq,NA,3
589,iso_snp_central_offset_mean,PlasmaMP-TruSeq-4,9.96793349169,Lab2,TrueSeq,NA,4
590,iso_snp_central_offset_mean,PlasmaTruSeq-1_63786_CCGTCC_S5_L006_R1_001,17.1014150943,Lab5,TrueSeq,NA,1
591,iso_snp_central_offset_mean,PlasmaTruSeq-2_63787_GTAGAG_S6_L006_R1_001,16.156133829,Lab5,TrueSeq,NA,2
592,iso_snp_central_offset_mean,PlasmaTruSeq-3_63788_GTCCGC_S7_L006_R1_001,16.730994152,Lab5,TrueSeq,NA,3
593,iso_snp_central_offset_mean,PlasmaTruSeq-4_63789_GTGAAA_S8_L006_R1_001,17.412,Lab5,TrueSeq,NA,4
594,iso_snp_central_offset_mean,TruSeq_Plasma_1_S123_L008_R1_001,7.16666666667,Lab1,TrueSeq,NA,1
595,iso_snp_central_offset_mean,TruSeq_Plasma_2_S124_L008_R1_001,12.8592814371,Lab1,TrueSeq,NA,2
596,iso_snp_central_offset_mean,TruSeq_Plasma_3_S125_L008_R1_001,11.1108312343,Lab1,TrueSeq,NA,3
597,iso_snp_central_offset_mean,TruSeq_Plasma_4_S126_L008_R1_001,13.1538461538,Lab1,TrueSeq,NA,4
641,iso_snp_central_supp_mean,DE-PlasmaMP-NEB-1_S1_R1_001,9.50880151787,Lab1,NEBNext,NA,1
642,iso_snp_central_supp_mean,DE-PlasmaMP-NEB-2_S2_R1_001,9.65912700586,Lab1,NEBNext,NA,2
643,iso_snp_central_supp_mean,DE-PlasmaMP-NEB-3_S3_R1_001,9.04769757706,Lab1,NEBNext,NA,3
644,iso_snp_central_supp_mean,DE-PlasmaMP-NEB-4_S4_R1_001,9.48700673725,Lab1,NEBNext,NA,4
645,iso_snp_central_supp_mean,DG-PlasmaMP-NEB-1_S18_R1_001,14.7546228549,Lab2,NEBNext,NA,1
646,iso_snp_central_supp_mean,DG-PlasmaMP-NEB-2_S19_R1_001,13.7869477912,Lab2,NEBNext,NA,2
647,iso_snp_central_supp_mean,DG-PlasmaMP-NEB-3_S20_R1_001,16.1667768716,Lab2,NEBNext,NA,3
648,iso_snp_central_supp_mean,DG-PlasmaMP-NEB-4_S21_R1_001,13.9477075421,Lab2,NEBNext,NA,4
657,iso_snp_central_supp_mean,NEB-Plasma-1_S85553_AGTCAA,13.4031861973,Lab5,NEBNext,NA,1
658,iso_snp_central_supp_mean,NEB-Plasma-2_S85554_AGTTCC,14.6989070693,Lab5,NEBNext,NA,2
659,iso_snp_central_supp_mean,NEB-Plasma-3_S85555_ATGTCA,11.8825292398,Lab5,NEBNext,NA,3
660,iso_snp_central_supp_mean,NEB-Plasma-4_S85556_CCGTCC,13.379974475,Lab5,NEBNext,NA,4
661,iso_snp_central_supp_mean,PT_37_S5_L001_R1_001,8.58688946015,Lab4,TrueSeq,NA,1
662,iso_snp_central_supp_mean,PT_38_S6_L001_R1_001,7.15305010893,Lab4,TrueSeq,NA,2
663,iso_snp_central_supp_mean,PT_39_S7_L001_R1_001,7.25776154448,Lab4,TrueSeq,NA,3
664,iso_snp_central_supp_mean,PT_40_S8_L001_R1_001,7.23465140479,Lab4,TrueSeq,NA,4
669,iso_snp_central_supp_mean,Plas_N13_S13_L008_R1_001,9.98219658977,Lab4,NEBNext,NA,1
670,iso_snp_central_supp_mean,Plas_N14_S14_L008_R1_001,10.8592611863,Lab4,NEBNext,NA,2
671,iso_snp_central_supp_mean,Plas_N15_S15_L008_R1_001,10.0241048444,Lab4,NEBNext,NA,3
672,iso_snp_central_supp_mean,Plas_N16_S16_L008_R1_001,12.7803955788,Lab4,NEBNext,NA,4
689,iso_snp_central_supp_mean,PlasmaMP-TruSeq-1,7.93743619659,Lab2,TrueSeq,NA,1
690,iso_snp_central_supp_mean,PlasmaMP-TruSeq-2,7.28464185174,Lab2,TrueSeq,NA,2
691,iso_snp_central_supp_mean,PlasmaMP-TruSeq-3,7.42938053097,Lab2,TrueSeq,NA,3
692,iso_snp_central_supp_mean,PlasmaMP-TruSeq-4,6.64270401601,Lab2,TrueSeq,NA,4
693,iso_snp_central_supp_mean,PlasmaTruSeq-1_63786_CCGTCC_S5_L006_R1_001,7.18415051311,Lab5,TrueSeq,NA,1
694,iso_snp_central_supp_mean,PlasmaTruSeq-2_63787_GTAGAG_S6_L006_R1_001,7.89968733715,Lab5,TrueSeq,NA,2
695,iso_snp_central_supp_mean,PlasmaTruSeq-3_63788_GTCCGC_S7_L006_R1_001,7.57707614752,Lab5,TrueSeq,NA,3
696,iso_snp_central_supp_mean,PlasmaTruSeq-4_63789_GTGAAA_S8_L006_R1_001,7.90321736856,Lab5,TrueSeq,NA,4
697,iso_snp_central_supp_mean,TruSeq_Plasma_1_S123_L008_R1_001,2.48318042813,Lab1,TrueSeq,NA,1
698,iso_snp_central_supp_mean,TruSeq_Plasma_2_S124_L008_R1_001,17.6993945775,Lab1,TrueSeq,NA,2
699,iso_snp_central_supp_mean,TruSeq_Plasma_3_S125_L008_R1_001,14.5786972647,Lab1,TrueSeq,NA,3
700,iso_snp_central_supp_mean,TruSeq_Plasma_4_S126_L008_R1_001,11.7673773987,Lab1,TrueSeq,NA,4
744,iso_snp_seed_mean,DE-PlasmaMP-NEB-1_S1_R1_001,5.00087026376,Lab1,NEBNext,NA,1
745,iso_snp_seed_mean,DE-PlasmaMP-NEB-2_S2_R1_001,5.18186964829,Lab1,NEBNext,NA,2
746,iso_snp_seed_mean,DE-PlasmaMP-NEB-3_S3_R1_001,4.8082801478,Lab1,NEBNext,NA,3
747,iso_snp_seed_mean,DE-PlasmaMP-NEB-4_S4_R1_001,4.76928374656,Lab1,NEBNext,NA,4
748,iso_snp_seed_mean,DG-PlasmaMP-NEB-1_S18_R1_001,6.70969665985,Lab2,NEBNext,NA,1
749,iso_snp_seed_mean,DG-PlasmaMP-NEB-2_S19_R1_001,6.52287980476,Lab2,NEBNext,NA,2
750,iso_snp_seed_mean,DG-PlasmaMP-NEB-3_S20_R1_001,6.72423474008,Lab2,NEBNext,NA,3
751,iso_snp_seed_mean,DG-PlasmaMP-NEB-4_S21_R1_001,6.17122807018,Lab2,NEBNext,NA,4
760,iso_snp_seed_mean,NEB-Plasma-1_S85553_AGTCAA,5.66578947368,Lab5,NEBNext,NA,1
761,iso_snp_seed_mean,NEB-Plasma-2_S85554_AGTTCC,6.09684096841,Lab5,NEBNext,NA,2
762,iso_snp_seed_mean,NEB-Plasma-3_S85555_ATGTCA,4.80744636964,Lab5,NEBNext,NA,3
763,iso_snp_seed_mean,NEB-Plasma-4_S85556_CCGTCC,5.33882276211,Lab5,NEBNext,NA,4
764,iso_snp_seed_mean,PT_37_S5_L001_R1_001,5.08004574042,Lab4,TrueSeq,NA,1
765,iso_snp_seed_mean,PT_38_S6_L001_R1_001,4.231772377,Lab4,TrueSeq,NA,2
766,iso_snp_seed_mean,PT_39_S7_L001_R1_001,4.13005464481,Lab4,TrueSeq,NA,3
767,iso_snp_seed_mean,PT_40_S8_L001_R1_001,4.17989097517,Lab4,TrueSeq,NA,4
772,iso_snp_seed_mean,Plas_N13_S13_L008_R1_001,3.1780245023,Lab4,NEBNext,NA,1
773,iso_snp_seed_mean,Plas_N14_S14_L008_R1_001,3.30225448987,Lab4,NEBNext,NA,2
774,iso_snp_seed_mean,Plas_N15_S15_L008_R1_001,3.17186366933,Lab4,NEBNext,NA,3
775,iso_snp_seed_mean,Plas_N16_S16_L008_R1_001,2.94134615385,Lab4,NEBNext,NA,4
792,iso_snp_seed_mean,PlasmaMP-TruSeq-1,2.61579961464,Lab2,TrueSeq,NA,1
793,iso_snp_seed_mean,PlasmaMP-TruSeq-2,3.92611336032,Lab2,TrueSeq,NA,2
794,iso_snp_seed_mean,PlasmaMP-TruSeq-3,3.40122864273,Lab2,TrueSeq,NA,3
795,iso_snp_seed_mean,PlasmaMP-TruSeq-4,1.68261824727,Lab2,TrueSeq,NA,4
796,iso_snp_seed_mean,PlasmaTruSeq-1_63786_CCGTCC_S5_L006_R1_001,4.71243842365,Lab5,TrueSeq,NA,1
797,iso_snp_seed_mean,PlasmaTruSeq-2_63787_GTAGAG_S6_L006_R1_001,5.19789842382,Lab5,TrueSeq,NA,2
798,iso_snp_seed_mean,PlasmaTruSeq-3_63788_GTCCGC_S7_L006_R1_001,4.85566188198,Lab5,TrueSeq,NA,3
799,iso_snp_seed_mean,PlasmaTruSeq-4_63789_GTGAAA_S8_L006_R1_001,5.41856442779,Lab5,TrueSeq,NA,4
800,iso_snp_seed_mean,TruSeq_Plasma_1_S123_L008_R1_001,1.36885245902,Lab1,TrueSeq,NA,1
801,iso_snp_seed_mean,TruSeq_Plasma_2_S124_L008_R1_001,5.84640522876,Lab1,TrueSeq,NA,2
802,iso_snp_seed_mean,TruSeq_Plasma_3_S125_L008_R1_001,5.14915362504,Lab1,TrueSeq,NA,3
803,iso_snp_seed_mean,TruSeq_Plasma_4_S126_L008_R1_001,4.30102622577,Lab1,TrueSeq,NA,4
847,isomiR_mean,DE-PlasmaMP-NEB-1_S1_R1_001,28.2858870697,Lab1,NEBNext,NA,1
848,isomiR_mean,DE-PlasmaMP-NEB-2_S2_R1_001,29.2811841304,Lab1,NEBNext,NA,2
849,isomiR_mean,DE-PlasmaMP-NEB-3_S3_R1_001,25.8639391584,Lab1,NEBNext,NA,3
850,isomiR_mean,DE-PlasmaMP-NEB-4_S4_R1_001,25.5821965968,Lab1,NEBNext,NA,4
851,isomiR_mean,DG-PlasmaMP-NEB-1_S18_R1_001,41.2201677186,Lab2,NEBNext,NA,1
852,isomiR_mean,DG-PlasmaMP-NEB-2_S19_R1_001,38.6324654966,Lab2,NEBNext,NA,2
853,isomiR_mean,DG-PlasmaMP-NEB-3_S20_R1_001,41.3427924243,Lab2,NEBNext,NA,3
854,isomiR_mean,DG-PlasmaMP-NEB-4_S21_R1_001,37.2809609645,Lab2,NEBNext,NA,4
863,isomiR_mean,NEB-Plasma-1_S85553_AGTCAA,32.0753975291,Lab5,NEBNext,NA,1
864,isomiR_mean,NEB-Plasma-2_S85554_AGTTCC,34.4095418734,Lab5,NEBNext,NA,2
865,isomiR_mean,NEB-Plasma-3_S85555_ATGTCA,27.0497875901,Lab5,NEBNext,NA,3
866,isomiR_mean,NEB-Plasma-4_S85556_CCGTCC,30.817230737,Lab5,NEBNext,NA,4
867,isomiR_mean,PT_37_S5_L001_R1_001,28.6189164371,Lab4,TrueSeq,NA,1
868,isomiR_mean,PT_38_S6_L001_R1_001,24.1351836218,Lab4,TrueSeq,NA,2
869,isomiR_mean,PT_39_S7_L001_R1_001,24.7620170134,Lab4,TrueSeq,NA,3
870,isomiR_mean,PT_40_S8_L001_R1_001,26.3469126586,Lab4,TrueSeq,NA,4
875,isomiR_mean,Plas_N13_S13_L008_R1_001,13.9264410041,Lab4,NEBNext,NA,1
876,isomiR_mean,Plas_N14_S14_L008_R1_001,14.3833817958,Lab4,NEBNext,NA,2
877,isomiR_mean,Plas_N15_S15_L008_R1_001,13.8406038869,Lab4,NEBNext,NA,3
878,isomiR_mean,Plas_N16_S16_L008_R1_001,14.1530060439,Lab4,NEBNext,NA,4
895,isomiR_mean,PlasmaMP-TruSeq-1,31.8394274561,Lab2,TrueSeq,NA,1
896,isomiR_mean,PlasmaMP-TruSeq-2,41.6525738445,Lab2,TrueSeq,NA,2
897,isomiR_mean,PlasmaMP-TruSeq-3,38.0482418786,Lab2,TrueSeq,NA,3
898,isomiR_mean,PlasmaMP-TruSeq-4,14.1090742438,Lab2,TrueSeq,NA,4
899,isomiR_mean,PlasmaTruSeq-1_63786_CCGTCC_S5_L006_R1_001,70.7102743509,Lab5,TrueSeq,NA,1
900,isomiR_mean,PlasmaTruSeq-2_63787_GTAGAG_S6_L006_R1_001,79.4869012293,Lab5,TrueSeq,NA,2
901,isomiR_mean,PlasmaTruSeq-3_63788_GTCCGC_S7_L006_R1_001,76.3249957749,Lab5,TrueSeq,NA,3
902,isomiR_mean,PlasmaTruSeq-4_63789_GTGAAA_S8_L006_R1_001,85.5875021638,Lab5,TrueSeq,NA,4
903,isomiR_mean,TruSeq_Plasma_1_S123_L008_R1_001,3.08913412564,Lab1,TrueSeq,NA,1
904,isomiR_mean,TruSeq_Plasma_2_S124_L008_R1_001,22.897092184,Lab1,TrueSeq,NA,2
905,isomiR_mean,TruSeq_Plasma_3_S125_L008_R1_001,19.2835174172,Lab1,TrueSeq,NA,3
906,isomiR_mean,TruSeq_Plasma_4_S126_L008_R1_001,14.2643678161,Lab1,TrueSeq,NA,4
950,ref_miRNA_mean,DE-PlasmaMP-NEB-1_S1_R1_001,1877.81560284,Lab1,NEBNext,NA,1
951,ref_miRNA_mean,DE-PlasmaMP-NEB-2_S2_R1_001,2011.23280423,Lab1,NEBNext,NA,2
952,ref_miRNA_mean,DE-PlasmaMP-NEB-3_S3_R1_001,1650.35597826,Lab1,NEBNext,NA,3
953,ref_miRNA_mean,DE-PlasmaMP-NEB-4_S4_R1_001,1619.71137026,Lab1,NEBNext,NA,4
954,ref_miRNA_mean,DG-PlasmaMP-NEB-1_S18_R1_001,4106.20512821,Lab2,NEBNext,NA,1
955,ref_miRNA_mean,DG-PlasmaMP-NEB-2_S19_R1_001,3639.73662551,Lab2,NEBNext,NA,2
956,ref_miRNA_mean,DG-PlasmaMP-NEB-3_S20_R1_001,4094.79310345,Lab2,NEBNext,NA,3
957,ref_miRNA_mean,DG-PlasmaMP-NEB-4_S21_R1_001,3889.38565022,Lab2,NEBNext,NA,4
966,ref_miRNA_mean,NEB-Plasma-1_S85553_AGTCAA,1983.89645777,Lab5,NEBNext,NA,1
967,ref_miRNA_mean,NEB-Plasma-2_S85554_AGTTCC,2663.65878378,Lab5,NEBNext,NA,2
968,ref_miRNA_mean,NEB-Plasma-3_S85555_ATGTCA,1460.59668508,Lab5,NEBNext,NA,3
969,ref_miRNA_mean,NEB-Plasma-4_S85556_CCGTCC,2165.39221557,Lab5,NEBNext,NA,4
970,ref_miRNA_mean,PT_37_S5_L001_R1_001,478.088695652,Lab4,TrueSeq,NA,1
971,ref_miRNA_mean,PT_38_S6_L001_R1_001,400.694017094,Lab4,TrueSeq,NA,2
972,ref_miRNA_mean,PT_39_S7_L001_R1_001,421.511265165,Lab4,TrueSeq,NA,3
973,ref_miRNA_mean,PT_40_S8_L001_R1_001,430.192982456,Lab4,TrueSeq,NA,4
978,ref_miRNA_mean,Plas_N13_S13_L008_R1_001,262.21574344,Lab4,NEBNext,NA,1
979,ref_miRNA_mean,Plas_N14_S14_L008_R1_001,251.818435754,Lab4,NEBNext,NA,2
980,ref_miRNA_mean,Plas_N15_S15_L008_R1_001,272.245714286,Lab4,NEBNext,NA,3
981,ref_miRNA_mean,Plas_N16_S16_L008_R1_001,221.131832797,Lab4,NEBNext,NA,4
998,ref_miRNA_mean,PlasmaMP-TruSeq-1,1203.55350554,Lab2,TrueSeq,NA,1
999,ref_miRNA_mean,PlasmaMP-TruSeq-2,1173.74683544,Lab2,TrueSeq,NA,2
1000,ref_miRNA_mean,PlasmaMP-TruSeq-3,1057.13957935,Lab2,TrueSeq,NA,3
1001,ref_miRNA_mean,PlasmaMP-TruSeq-4,1144.94776119,Lab2,TrueSeq,NA,4
1002,ref_miRNA_mean,PlasmaTruSeq-1_63786_CCGTCC_S5_L006_R1_001,1859.81142857,Lab5,TrueSeq,NA,1
1003,ref_miRNA_mean,PlasmaTruSeq-2_63787_GTAGAG_S6_L006_R1_001,2202.85955056,Lab5,TrueSeq,NA,2
1004,ref_miRNA_mean,PlasmaTruSeq-3_63788_GTCCGC_S7_L006_R1_001,2140.88268156,Lab5,TrueSeq,NA,3
1005,ref_miRNA_mean,PlasmaTruSeq-4_63789_GTGAAA_S8_L006_R1_001,2344.67705382,Lab5,TrueSeq,NA,4
1006,ref_miRNA_mean,TruSeq_Plasma_1_S123_L008_R1_001,7.51533742331,Lab1,TrueSeq,NA,1
1007,ref_miRNA_mean,TruSeq_Plasma_2_S124_L008_R1_001,69.3682170543,Lab1,TrueSeq,NA,2
1008,ref_miRNA_mean,TruSeq_Plasma_3_S125_L008_R1_001,205.212237094,Lab1,TrueSeq,NA,3
1009,ref_miRNA_mean,TruSeq_Plasma_4_S126_L008_R1_001,47.5182926829,Lab1,TrueSeq,NA,4
