X1,category,sample,counts,fn,lab,lib_method_simple,lane,replicate
0,iso_3p_sum,DE-PlasmaMP-NEB-1_S1_R1_001,694171,DE-PlasmaMP-NEB-1_S1_R1_001,Lab1,NEBNext,NA,1
1,iso_5p_sum,DE-PlasmaMP-NEB-1_S1_R1_001,159853,DE-PlasmaMP-NEB-1_S1_R1_001,Lab1,NEBNext,NA,1
2,iso_add_sum,DE-PlasmaMP-NEB-1_S1_R1_001,305029,DE-PlasmaMP-NEB-1_S1_R1_001,Lab1,NEBNext,NA,1
3,iso_snp_sum,DE-PlasmaMP-NEB-1_S1_R1_001,379470,DE-PlasmaMP-NEB-1_S1_R1_001,Lab1,NEBNext,NA,1
4,iso_snp_central_sum,DE-PlasmaMP-NEB-1_S1_R1_001,16626,DE-PlasmaMP-NEB-1_S1_R1_001,Lab1,NEBNext,NA,1
5,iso_snp_central_offset_sum,DE-PlasmaMP-NEB-1_S1_R1_001,4632,DE-PlasmaMP-NEB-1_S1_R1_001,Lab1,NEBNext,NA,1
6,iso_snp_central_supp_sum,DE-PlasmaMP-NEB-1_S1_R1_001,27964,DE-PlasmaMP-NEB-1_S1_R1_001,Lab1,NEBNext,NA,1
7,iso_snp_seed_sum,DE-PlasmaMP-NEB-1_S1_R1_001,14571,DE-PlasmaMP-NEB-1_S1_R1_001,Lab1,NEBNext,NA,1
8,isomiR_sum,DE-PlasmaMP-NEB-1_S1_R1_001,1248240,DE-PlasmaMP-NEB-1_S1_R1_001,Lab1,NEBNext,NA,1
9,ref_miRNA_sum,DE-PlasmaMP-NEB-1_S1_R1_001,794929,DE-PlasmaMP-NEB-1_S1_R1_001,Lab1,NEBNext,NA,1
0,iso_3p_count,DE-PlasmaMP-NEB-1_S1_R1_001,21480,DE-PlasmaMP-NEB-1_S1_R1_001,Lab1,NEBNext,NA,1
1,iso_5p_count,DE-PlasmaMP-NEB-1_S1_R1_001,16679,DE-PlasmaMP-NEB-1_S1_R1_001,Lab1,NEBNext,NA,1
2,iso_add_count,DE-PlasmaMP-NEB-1_S1_R1_001,16362,DE-PlasmaMP-NEB-1_S1_R1_001,Lab1,NEBNext,NA,1
3,iso_snp_count,DE-PlasmaMP-NEB-1_S1_R1_001,37862,DE-PlasmaMP-NEB-1_S1_R1_001,Lab1,NEBNext,NA,1
4,iso_snp_central_count,DE-PlasmaMP-NEB-1_S1_R1_001,3179,DE-PlasmaMP-NEB-1_S1_R1_001,Lab1,NEBNext,NA,1
5,iso_snp_central_offset_count,DE-PlasmaMP-NEB-1_S1_R1_001,812,DE-PlasmaMP-NEB-1_S1_R1_001,Lab1,NEBNext,NA,1
6,iso_snp_central_supp_count,DE-PlasmaMP-NEB-1_S1_R1_001,5136,DE-PlasmaMP-NEB-1_S1_R1_001,Lab1,NEBNext,NA,1
7,iso_snp_seed_count,DE-PlasmaMP-NEB-1_S1_R1_001,2410,DE-PlasmaMP-NEB-1_S1_R1_001,Lab1,NEBNext,NA,1
8,isomiR_count,DE-PlasmaMP-NEB-1_S1_R1_001,53294,DE-PlasmaMP-NEB-1_S1_R1_001,Lab1,NEBNext,NA,1
9,ref_miRNA_count,DE-PlasmaMP-NEB-1_S1_R1_001,428,DE-PlasmaMP-NEB-1_S1_R1_001,Lab1,NEBNext,NA,1
0,iso_3p_mean,DE-PlasmaMP-NEB-1_S1_R1_001,32.3170856611,DE-PlasmaMP-NEB-1_S1_R1_001,Lab1,NEBNext,NA,1
1,iso_5p_mean,DE-PlasmaMP-NEB-1_S1_R1_001,9.58408777505,DE-PlasmaMP-NEB-1_S1_R1_001,Lab1,NEBNext,NA,1
2,iso_add_mean,DE-PlasmaMP-NEB-1_S1_R1_001,18.6425253636,DE-PlasmaMP-NEB-1_S1_R1_001,Lab1,NEBNext,NA,1
3,iso_snp_mean,DE-PlasmaMP-NEB-1_S1_R1_001,10.0224499498,DE-PlasmaMP-NEB-1_S1_R1_001,Lab1,NEBNext,NA,1
4,iso_snp_central_mean,DE-PlasmaMP-NEB-1_S1_R1_001,5.22994652406,DE-PlasmaMP-NEB-1_S1_R1_001,Lab1,NEBNext,NA,1
5,iso_snp_central_offset_mean,DE-PlasmaMP-NEB-1_S1_R1_001,5.70443349754,DE-PlasmaMP-NEB-1_S1_R1_001,Lab1,NEBNext,NA,1
6,iso_snp_central_supp_mean,DE-PlasmaMP-NEB-1_S1_R1_001,5.44470404984,DE-PlasmaMP-NEB-1_S1_R1_001,Lab1,NEBNext,NA,1
7,iso_snp_seed_mean,DE-PlasmaMP-NEB-1_S1_R1_001,6.04605809129,DE-PlasmaMP-NEB-1_S1_R1_001,Lab1,NEBNext,NA,1
8,isomiR_mean,DE-PlasmaMP-NEB-1_S1_R1_001,23.421773558,DE-PlasmaMP-NEB-1_S1_R1_001,Lab1,NEBNext,NA,1
9,ref_miRNA_mean,DE-PlasmaMP-NEB-1_S1_R1_001,1857.31074766,DE-PlasmaMP-NEB-1_S1_R1_001,Lab1,NEBNext,NA,1
0,iso_3p_sum,DE-PlasmaMP-NEB-2_S2_R1_001,693767,DE-PlasmaMP-NEB-2_S2_R1_001,Lab1,NEBNext,NA,2
1,iso_5p_sum,DE-PlasmaMP-NEB-2_S2_R1_001,168392,DE-PlasmaMP-NEB-2_S2_R1_001,Lab1,NEBNext,NA,2
2,iso_add_sum,DE-PlasmaMP-NEB-2_S2_R1_001,292717,DE-PlasmaMP-NEB-2_S2_R1_001,Lab1,NEBNext,NA,2
3,iso_snp_sum,DE-PlasmaMP-NEB-2_S2_R1_001,409904,DE-PlasmaMP-NEB-2_S2_R1_001,Lab1,NEBNext,NA,2
4,iso_snp_central_sum,DE-PlasmaMP-NEB-2_S2_R1_001,17374,DE-PlasmaMP-NEB-2_S2_R1_001,Lab1,NEBNext,NA,2
5,iso_snp_central_offset_sum,DE-PlasmaMP-NEB-2_S2_R1_001,4513,DE-PlasmaMP-NEB-2_S2_R1_001,Lab1,NEBNext,NA,2
6,iso_snp_central_supp_sum,DE-PlasmaMP-NEB-2_S2_R1_001,28558,DE-PlasmaMP-NEB-2_S2_R1_001,Lab1,NEBNext,NA,2
7,iso_snp_seed_sum,DE-PlasmaMP-NEB-2_S2_R1_001,14658,DE-PlasmaMP-NEB-2_S2_R1_001,Lab1,NEBNext,NA,2
8,isomiR_sum,DE-PlasmaMP-NEB-2_S2_R1_001,1251504,DE-PlasmaMP-NEB-2_S2_R1_001,Lab1,NEBNext,NA,2
9,ref_miRNA_sum,DE-PlasmaMP-NEB-2_S2_R1_001,760736,DE-PlasmaMP-NEB-2_S2_R1_001,Lab1,NEBNext,NA,2
0,iso_3p_count,DE-PlasmaMP-NEB-2_S2_R1_001,22120,DE-PlasmaMP-NEB-2_S2_R1_001,Lab1,NEBNext,NA,2
1,iso_5p_count,DE-PlasmaMP-NEB-2_S2_R1_001,17622,DE-PlasmaMP-NEB-2_S2_R1_001,Lab1,NEBNext,NA,2
2,iso_add_count,DE-PlasmaMP-NEB-2_S2_R1_001,16380,DE-PlasmaMP-NEB-2_S2_R1_001,Lab1,NEBNext,NA,2
3,iso_snp_count,DE-PlasmaMP-NEB-2_S2_R1_001,37199,DE-PlasmaMP-NEB-2_S2_R1_001,Lab1,NEBNext,NA,2
4,iso_snp_central_count,DE-PlasmaMP-NEB-2_S2_R1_001,3157,DE-PlasmaMP-NEB-2_S2_R1_001,Lab1,NEBNext,NA,2
5,iso_snp_central_offset_count,DE-PlasmaMP-NEB-2_S2_R1_001,782,DE-PlasmaMP-NEB-2_S2_R1_001,Lab1,NEBNext,NA,2
6,iso_snp_central_supp_count,DE-PlasmaMP-NEB-2_S2_R1_001,5169,DE-PlasmaMP-NEB-2_S2_R1_001,Lab1,NEBNext,NA,2
7,iso_snp_seed_count,DE-PlasmaMP-NEB-2_S2_R1_001,2504,DE-PlasmaMP-NEB-2_S2_R1_001,Lab1,NEBNext,NA,2
8,isomiR_count,DE-PlasmaMP-NEB-2_S2_R1_001,52615,DE-PlasmaMP-NEB-2_S2_R1_001,Lab1,NEBNext,NA,2
9,ref_miRNA_count,DE-PlasmaMP-NEB-2_S2_R1_001,381,DE-PlasmaMP-NEB-2_S2_R1_001,Lab1,NEBNext,NA,2
0,iso_3p_mean,DE-PlasmaMP-NEB-2_S2_R1_001,31.3637884268,DE-PlasmaMP-NEB-2_S2_R1_001,Lab1,NEBNext,NA,2
1,iso_5p_mean,DE-PlasmaMP-NEB-2_S2_R1_001,9.55578254455,DE-PlasmaMP-NEB-2_S2_R1_001,Lab1,NEBNext,NA,2
2,iso_add_mean,DE-PlasmaMP-NEB-2_S2_R1_001,17.8703907204,DE-PlasmaMP-NEB-2_S2_R1_001,Lab1,NEBNext,NA,2
3,iso_snp_mean,DE-PlasmaMP-NEB-2_S2_R1_001,11.0192209468,DE-PlasmaMP-NEB-2_S2_R1_001,Lab1,NEBNext,NA,2
4,iso_snp_central_mean,DE-PlasmaMP-NEB-2_S2_R1_001,5.50332594235,DE-PlasmaMP-NEB-2_S2_R1_001,Lab1,NEBNext,NA,2
5,iso_snp_central_offset_mean,DE-PlasmaMP-NEB-2_S2_R1_001,5.77109974425,DE-PlasmaMP-NEB-2_S2_R1_001,Lab1,NEBNext,NA,2
6,iso_snp_central_supp_mean,DE-PlasmaMP-NEB-2_S2_R1_001,5.52485974076,DE-PlasmaMP-NEB-2_S2_R1_001,Lab1,NEBNext,NA,2
7,iso_snp_seed_mean,DE-PlasmaMP-NEB-2_S2_R1_001,5.85383386581,DE-PlasmaMP-NEB-2_S2_R1_001,Lab1,NEBNext,NA,2
8,isomiR_mean,DE-PlasmaMP-NEB-2_S2_R1_001,23.7860686116,DE-PlasmaMP-NEB-2_S2_R1_001,Lab1,NEBNext,NA,2
9,ref_miRNA_mean,DE-PlasmaMP-NEB-2_S2_R1_001,1996.6824147,DE-PlasmaMP-NEB-2_S2_R1_001,Lab1,NEBNext,NA,2
0,iso_3p_sum,DE-PlasmaMP-NEB-3_S3_R1_001,558551,DE-PlasmaMP-NEB-3_S3_R1_001,Lab1,NEBNext,NA,3
1,iso_5p_sum,DE-PlasmaMP-NEB-3_S3_R1_001,150337,DE-PlasmaMP-NEB-3_S3_R1_001,Lab1,NEBNext,NA,3
2,iso_add_sum,DE-PlasmaMP-NEB-3_S3_R1_001,214766,DE-PlasmaMP-NEB-3_S3_R1_001,Lab1,NEBNext,NA,3
3,iso_snp_sum,DE-PlasmaMP-NEB-3_S3_R1_001,302171,DE-PlasmaMP-NEB-3_S3_R1_001,Lab1,NEBNext,NA,3
4,iso_snp_central_sum,DE-PlasmaMP-NEB-3_S3_R1_001,15573,DE-PlasmaMP-NEB-3_S3_R1_001,Lab1,NEBNext,NA,3
5,iso_snp_central_offset_sum,DE-PlasmaMP-NEB-3_S3_R1_001,3748,DE-PlasmaMP-NEB-3_S3_R1_001,Lab1,NEBNext,NA,3
6,iso_snp_central_supp_sum,DE-PlasmaMP-NEB-3_S3_R1_001,23689,DE-PlasmaMP-NEB-3_S3_R1_001,Lab1,NEBNext,NA,3
7,iso_snp_seed_sum,DE-PlasmaMP-NEB-3_S3_R1_001,12241,DE-PlasmaMP-NEB-3_S3_R1_001,Lab1,NEBNext,NA,3
8,isomiR_sum,DE-PlasmaMP-NEB-3_S3_R1_001,953979,DE-PlasmaMP-NEB-3_S3_R1_001,Lab1,NEBNext,NA,3
9,ref_miRNA_sum,DE-PlasmaMP-NEB-3_S3_R1_001,607891,DE-PlasmaMP-NEB-3_S3_R1_001,Lab1,NEBNext,NA,3
0,iso_3p_count,DE-PlasmaMP-NEB-3_S3_R1_001,20129,DE-PlasmaMP-NEB-3_S3_R1_001,Lab1,NEBNext,NA,3
1,iso_5p_count,DE-PlasmaMP-NEB-3_S3_R1_001,16408,DE-PlasmaMP-NEB-3_S3_R1_001,Lab1,NEBNext,NA,3
2,iso_add_count,DE-PlasmaMP-NEB-3_S3_R1_001,13853,DE-PlasmaMP-NEB-3_S3_R1_001,Lab1,NEBNext,NA,3
3,iso_snp_count,DE-PlasmaMP-NEB-3_S3_R1_001,32578,DE-PlasmaMP-NEB-3_S3_R1_001,Lab1,NEBNext,NA,3
4,iso_snp_central_count,DE-PlasmaMP-NEB-3_S3_R1_001,2928,DE-PlasmaMP-NEB-3_S3_R1_001,Lab1,NEBNext,NA,3
5,iso_snp_central_offset_count,DE-PlasmaMP-NEB-3_S3_R1_001,656,DE-PlasmaMP-NEB-3_S3_R1_001,Lab1,NEBNext,NA,3
6,iso_snp_central_supp_count,DE-PlasmaMP-NEB-3_S3_R1_001,4486,DE-PlasmaMP-NEB-3_S3_R1_001,Lab1,NEBNext,NA,3
7,iso_snp_seed_count,DE-PlasmaMP-NEB-3_S3_R1_001,2027,DE-PlasmaMP-NEB-3_S3_R1_001,Lab1,NEBNext,NA,3
8,isomiR_count,DE-PlasmaMP-NEB-3_S3_R1_001,46110,DE-PlasmaMP-NEB-3_S3_R1_001,Lab1,NEBNext,NA,3
9,ref_miRNA_count,DE-PlasmaMP-NEB-3_S3_R1_001,373,DE-PlasmaMP-NEB-3_S3_R1_001,Lab1,NEBNext,NA,3
0,iso_3p_mean,DE-PlasmaMP-NEB-3_S3_R1_001,27.7485717125,DE-PlasmaMP-NEB-3_S3_R1_001,Lab1,NEBNext,NA,3
1,iso_5p_mean,DE-PlasmaMP-NEB-3_S3_R1_001,9.16242077036,DE-PlasmaMP-NEB-3_S3_R1_001,Lab1,NEBNext,NA,3
2,iso_add_mean,DE-PlasmaMP-NEB-3_S3_R1_001,15.5032123006,DE-PlasmaMP-NEB-3_S3_R1_001,Lab1,NEBNext,NA,3
3,iso_snp_mean,DE-PlasmaMP-NEB-3_S3_R1_001,9.27530849039,DE-PlasmaMP-NEB-3_S3_R1_001,Lab1,NEBNext,NA,3
4,iso_snp_central_mean,DE-PlasmaMP-NEB-3_S3_R1_001,5.31864754098,DE-PlasmaMP-NEB-3_S3_R1_001,Lab1,NEBNext,NA,3
5,iso_snp_central_offset_mean,DE-PlasmaMP-NEB-3_S3_R1_001,5.71341463415,DE-PlasmaMP-NEB-3_S3_R1_001,Lab1,NEBNext,NA,3
6,iso_snp_central_supp_mean,DE-PlasmaMP-NEB-3_S3_R1_001,5.28065091395,DE-PlasmaMP-NEB-3_S3_R1_001,Lab1,NEBNext,NA,3
7,iso_snp_seed_mean,DE-PlasmaMP-NEB-3_S3_R1_001,6.03897385298,DE-PlasmaMP-NEB-3_S3_R1_001,Lab1,NEBNext,NA,3
8,isomiR_mean,DE-PlasmaMP-NEB-3_S3_R1_001,20.6891997398,DE-PlasmaMP-NEB-3_S3_R1_001,Lab1,NEBNext,NA,3
9,ref_miRNA_mean,DE-PlasmaMP-NEB-3_S3_R1_001,1629.73458445,DE-PlasmaMP-NEB-3_S3_R1_001,Lab1,NEBNext,NA,3
0,iso_3p_sum,DE-PlasmaMP-NEB-4_S4_R1_001,561384,DE-PlasmaMP-NEB-4_S4_R1_001,Lab1,NEBNext,NA,4
1,iso_5p_sum,DE-PlasmaMP-NEB-4_S4_R1_001,157380,DE-PlasmaMP-NEB-4_S4_R1_001,Lab1,NEBNext,NA,4
2,iso_add_sum,DE-PlasmaMP-NEB-4_S4_R1_001,204117,DE-PlasmaMP-NEB-4_S4_R1_001,Lab1,NEBNext,NA,4
3,iso_snp_sum,DE-PlasmaMP-NEB-4_S4_R1_001,308797,DE-PlasmaMP-NEB-4_S4_R1_001,Lab1,NEBNext,NA,4
4,iso_snp_central_sum,DE-PlasmaMP-NEB-4_S4_R1_001,15109,DE-PlasmaMP-NEB-4_S4_R1_001,Lab1,NEBNext,NA,4
5,iso_snp_central_offset_sum,DE-PlasmaMP-NEB-4_S4_R1_001,3803,DE-PlasmaMP-NEB-4_S4_R1_001,Lab1,NEBNext,NA,4
6,iso_snp_central_supp_sum,DE-PlasmaMP-NEB-4_S4_R1_001,24853,DE-PlasmaMP-NEB-4_S4_R1_001,Lab1,NEBNext,NA,4
7,iso_snp_seed_sum,DE-PlasmaMP-NEB-4_S4_R1_001,12310,DE-PlasmaMP-NEB-4_S4_R1_001,Lab1,NEBNext,NA,4
8,isomiR_sum,DE-PlasmaMP-NEB-4_S4_R1_001,939137,DE-PlasmaMP-NEB-4_S4_R1_001,Lab1,NEBNext,NA,4
9,ref_miRNA_sum,DE-PlasmaMP-NEB-4_S4_R1_001,555925,DE-PlasmaMP-NEB-4_S4_R1_001,Lab1,NEBNext,NA,4
0,iso_3p_count,DE-PlasmaMP-NEB-4_S4_R1_001,20776,DE-PlasmaMP-NEB-4_S4_R1_001,Lab1,NEBNext,NA,4
1,iso_5p_count,DE-PlasmaMP-NEB-4_S4_R1_001,17528,DE-PlasmaMP-NEB-4_S4_R1_001,Lab1,NEBNext,NA,4
2,iso_add_count,DE-PlasmaMP-NEB-4_S4_R1_001,14325,DE-PlasmaMP-NEB-4_S4_R1_001,Lab1,NEBNext,NA,4
3,iso_snp_count,DE-PlasmaMP-NEB-4_S4_R1_001,32855,DE-PlasmaMP-NEB-4_S4_R1_001,Lab1,NEBNext,NA,4
4,iso_snp_central_count,DE-PlasmaMP-NEB-4_S4_R1_001,2890,DE-PlasmaMP-NEB-4_S4_R1_001,Lab1,NEBNext,NA,4
5,iso_snp_central_offset_count,DE-PlasmaMP-NEB-4_S4_R1_001,681,DE-PlasmaMP-NEB-4_S4_R1_001,Lab1,NEBNext,NA,4
6,iso_snp_central_supp_count,DE-PlasmaMP-NEB-4_S4_R1_001,4671,DE-PlasmaMP-NEB-4_S4_R1_001,Lab1,NEBNext,NA,4
7,iso_snp_seed_count,DE-PlasmaMP-NEB-4_S4_R1_001,2158,DE-PlasmaMP-NEB-4_S4_R1_001,Lab1,NEBNext,NA,4
8,isomiR_count,DE-PlasmaMP-NEB-4_S4_R1_001,46713,DE-PlasmaMP-NEB-4_S4_R1_001,Lab1,NEBNext,NA,4
9,ref_miRNA_count,DE-PlasmaMP-NEB-4_S4_R1_001,349,DE-PlasmaMP-NEB-4_S4_R1_001,Lab1,NEBNext,NA,4
0,iso_3p_mean,DE-PlasmaMP-NEB-4_S4_R1_001,27.0207932229,DE-PlasmaMP-NEB-4_S4_R1_001,Lab1,NEBNext,NA,4
1,iso_5p_mean,DE-PlasmaMP-NEB-4_S4_R1_001,8.97877681424,DE-PlasmaMP-NEB-4_S4_R1_001,Lab1,NEBNext,NA,4
2,iso_add_mean,DE-PlasmaMP-NEB-4_S4_R1_001,14.2490052356,DE-PlasmaMP-NEB-4_S4_R1_001,Lab1,NEBNext,NA,4
3,iso_snp_mean,DE-PlasmaMP-NEB-4_S4_R1_001,9.3987825293,DE-PlasmaMP-NEB-4_S4_R1_001,Lab1,NEBNext,NA,4
4,iso_snp_central_mean,DE-PlasmaMP-NEB-4_S4_R1_001,5.22802768166,DE-PlasmaMP-NEB-4_S4_R1_001,Lab1,NEBNext,NA,4
5,iso_snp_central_offset_mean,DE-PlasmaMP-NEB-4_S4_R1_001,5.58443465492,DE-PlasmaMP-NEB-4_S4_R1_001,Lab1,NEBNext,NA,4
6,iso_snp_central_supp_mean,DE-PlasmaMP-NEB-4_S4_R1_001,5.3207022051,DE-PlasmaMP-NEB-4_S4_R1_001,Lab1,NEBNext,NA,4
7,iso_snp_seed_mean,DE-PlasmaMP-NEB-4_S4_R1_001,5.70435588508,DE-PlasmaMP-NEB-4_S4_R1_001,Lab1,NEBNext,NA,4
8,isomiR_mean,DE-PlasmaMP-NEB-4_S4_R1_001,20.1044034851,DE-PlasmaMP-NEB-4_S4_R1_001,Lab1,NEBNext,NA,4
9,ref_miRNA_mean,DE-PlasmaMP-NEB-4_S4_R1_001,1592.90830946,DE-PlasmaMP-NEB-4_S4_R1_001,Lab1,NEBNext,NA,4
0,iso_3p_sum,DG-PlasmaMP-NEB-1_S18_R1_001,769114,DG-PlasmaMP-NEB-1_S18_R1_001,Lab2,NEBNext,NA,1
1,iso_5p_sum,DG-PlasmaMP-NEB-1_S18_R1_001,183177,DG-PlasmaMP-NEB-1_S18_R1_001,Lab2,NEBNext,NA,1
2,iso_add_sum,DG-PlasmaMP-NEB-1_S18_R1_001,322326,DG-PlasmaMP-NEB-1_S18_R1_001,Lab2,NEBNext,NA,1
3,iso_snp_sum,DG-PlasmaMP-NEB-1_S18_R1_001,351873,DG-PlasmaMP-NEB-1_S18_R1_001,Lab2,NEBNext,NA,1
4,iso_snp_central_sum,DG-PlasmaMP-NEB-1_S18_R1_001,14679,DG-PlasmaMP-NEB-1_S18_R1_001,Lab2,NEBNext,NA,1
5,iso_snp_central_offset_sum,DG-PlasmaMP-NEB-1_S18_R1_001,3090,DG-PlasmaMP-NEB-1_S18_R1_001,Lab2,NEBNext,NA,1
6,iso_snp_central_supp_sum,DG-PlasmaMP-NEB-1_S18_R1_001,28503,DG-PlasmaMP-NEB-1_S18_R1_001,Lab2,NEBNext,NA,1
7,iso_snp_seed_sum,DG-PlasmaMP-NEB-1_S18_R1_001,11034,DG-PlasmaMP-NEB-1_S18_R1_001,Lab2,NEBNext,NA,1
8,isomiR_sum,DG-PlasmaMP-NEB-1_S18_R1_001,1318443,DG-PlasmaMP-NEB-1_S18_R1_001,Lab2,NEBNext,NA,1
9,ref_miRNA_sum,DG-PlasmaMP-NEB-1_S18_R1_001,961556,DG-PlasmaMP-NEB-1_S18_R1_001,Lab2,NEBNext,NA,1
0,iso_3p_count,DG-PlasmaMP-NEB-1_S18_R1_001,16486,DG-PlasmaMP-NEB-1_S18_R1_001,Lab2,NEBNext,NA,1
1,iso_5p_count,DG-PlasmaMP-NEB-1_S18_R1_001,11770,DG-PlasmaMP-NEB-1_S18_R1_001,Lab2,NEBNext,NA,1
2,iso_add_count,DG-PlasmaMP-NEB-1_S18_R1_001,11799,DG-PlasmaMP-NEB-1_S18_R1_001,Lab2,NEBNext,NA,1
3,iso_snp_count,DG-PlasmaMP-NEB-1_S18_R1_001,28198,DG-PlasmaMP-NEB-1_S18_R1_001,Lab2,NEBNext,NA,1
4,iso_snp_central_count,DG-PlasmaMP-NEB-1_S18_R1_001,2297,DG-PlasmaMP-NEB-1_S18_R1_001,Lab2,NEBNext,NA,1
5,iso_snp_central_offset_count,DG-PlasmaMP-NEB-1_S18_R1_001,525,DG-PlasmaMP-NEB-1_S18_R1_001,Lab2,NEBNext,NA,1
6,iso_snp_central_supp_count,DG-PlasmaMP-NEB-1_S18_R1_001,3945,DG-PlasmaMP-NEB-1_S18_R1_001,Lab2,NEBNext,NA,1
7,iso_snp_seed_count,DG-PlasmaMP-NEB-1_S18_R1_001,1635,DG-PlasmaMP-NEB-1_S18_R1_001,Lab2,NEBNext,NA,1
8,isomiR_count,DG-PlasmaMP-NEB-1_S18_R1_001,39006,DG-PlasmaMP-NEB-1_S18_R1_001,Lab2,NEBNext,NA,1
9,ref_miRNA_count,DG-PlasmaMP-NEB-1_S18_R1_001,237,DG-PlasmaMP-NEB-1_S18_R1_001,Lab2,NEBNext,NA,1
0,iso_3p_mean,DG-PlasmaMP-NEB-1_S18_R1_001,46.6525536819,DG-PlasmaMP-NEB-1_S18_R1_001,Lab2,NEBNext,NA,1
1,iso_5p_mean,DG-PlasmaMP-NEB-1_S18_R1_001,15.5630416313,DG-PlasmaMP-NEB-1_S18_R1_001,Lab2,NEBNext,NA,1
2,iso_add_mean,DG-PlasmaMP-NEB-1_S18_R1_001,27.3180778032,DG-PlasmaMP-NEB-1_S18_R1_001,Lab2,NEBNext,NA,1
3,iso_snp_mean,DG-PlasmaMP-NEB-1_S18_R1_001,12.4786509682,DG-PlasmaMP-NEB-1_S18_R1_001,Lab2,NEBNext,NA,1
4,iso_snp_central_mean,DG-PlasmaMP-NEB-1_S18_R1_001,6.39050936003,DG-PlasmaMP-NEB-1_S18_R1_001,Lab2,NEBNext,NA,1
5,iso_snp_central_offset_mean,DG-PlasmaMP-NEB-1_S18_R1_001,5.88571428571,DG-PlasmaMP-NEB-1_S18_R1_001,Lab2,NEBNext,NA,1
6,iso_snp_central_supp_mean,DG-PlasmaMP-NEB-1_S18_R1_001,7.22509505703,DG-PlasmaMP-NEB-1_S18_R1_001,Lab2,NEBNext,NA,1
7,iso_snp_seed_mean,DG-PlasmaMP-NEB-1_S18_R1_001,6.74862385321,DG-PlasmaMP-NEB-1_S18_R1_001,Lab2,NEBNext,NA,1
8,isomiR_mean,DG-PlasmaMP-NEB-1_S18_R1_001,33.8010306107,DG-PlasmaMP-NEB-1_S18_R1_001,Lab2,NEBNext,NA,1
9,ref_miRNA_mean,DG-PlasmaMP-NEB-1_S18_R1_001,4057.19831224,DG-PlasmaMP-NEB-1_S18_R1_001,Lab2,NEBNext,NA,1
0,iso_3p_sum,DG-PlasmaMP-NEB-2_S19_R1_001,705217,DG-PlasmaMP-NEB-2_S19_R1_001,Lab2,NEBNext,NA,2
1,iso_5p_sum,DG-PlasmaMP-NEB-2_S19_R1_001,179152,DG-PlasmaMP-NEB-2_S19_R1_001,Lab2,NEBNext,NA,2
2,iso_add_sum,DG-PlasmaMP-NEB-2_S19_R1_001,299233,DG-PlasmaMP-NEB-2_S19_R1_001,Lab2,NEBNext,NA,2
3,iso_snp_sum,DG-PlasmaMP-NEB-2_S19_R1_001,326576,DG-PlasmaMP-NEB-2_S19_R1_001,Lab2,NEBNext,NA,2
4,iso_snp_central_sum,DG-PlasmaMP-NEB-2_S19_R1_001,13849,DG-PlasmaMP-NEB-2_S19_R1_001,Lab2,NEBNext,NA,2
5,iso_snp_central_offset_sum,DG-PlasmaMP-NEB-2_S19_R1_001,3228,DG-PlasmaMP-NEB-2_S19_R1_001,Lab2,NEBNext,NA,2
6,iso_snp_central_supp_sum,DG-PlasmaMP-NEB-2_S19_R1_001,28374,DG-PlasmaMP-NEB-2_S19_R1_001,Lab2,NEBNext,NA,2
7,iso_snp_seed_sum,DG-PlasmaMP-NEB-2_S19_R1_001,11621,DG-PlasmaMP-NEB-2_S19_R1_001,Lab2,NEBNext,NA,2
8,isomiR_sum,DG-PlasmaMP-NEB-2_S19_R1_001,1209104,DG-PlasmaMP-NEB-2_S19_R1_001,Lab2,NEBNext,NA,2
9,ref_miRNA_sum,DG-PlasmaMP-NEB-2_S19_R1_001,885116,DG-PlasmaMP-NEB-2_S19_R1_001,Lab2,NEBNext,NA,2
0,iso_3p_count,DG-PlasmaMP-NEB-2_S19_R1_001,15903,DG-PlasmaMP-NEB-2_S19_R1_001,Lab2,NEBNext,NA,2
1,iso_5p_count,DG-PlasmaMP-NEB-2_S19_R1_001,11766,DG-PlasmaMP-NEB-2_S19_R1_001,Lab2,NEBNext,NA,2
2,iso_add_count,DG-PlasmaMP-NEB-2_S19_R1_001,11721,DG-PlasmaMP-NEB-2_S19_R1_001,Lab2,NEBNext,NA,2
3,iso_snp_count,DG-PlasmaMP-NEB-2_S19_R1_001,27421,DG-PlasmaMP-NEB-2_S19_R1_001,Lab2,NEBNext,NA,2
4,iso_snp_central_count,DG-PlasmaMP-NEB-2_S19_R1_001,2185,DG-PlasmaMP-NEB-2_S19_R1_001,Lab2,NEBNext,NA,2
5,iso_snp_central_offset_count,DG-PlasmaMP-NEB-2_S19_R1_001,520,DG-PlasmaMP-NEB-2_S19_R1_001,Lab2,NEBNext,NA,2
6,iso_snp_central_supp_count,DG-PlasmaMP-NEB-2_S19_R1_001,3867,DG-PlasmaMP-NEB-2_S19_R1_001,Lab2,NEBNext,NA,2
7,iso_snp_seed_count,DG-PlasmaMP-NEB-2_S19_R1_001,1671,DG-PlasmaMP-NEB-2_S19_R1_001,Lab2,NEBNext,NA,2
8,isomiR_count,DG-PlasmaMP-NEB-2_S19_R1_001,38012,DG-PlasmaMP-NEB-2_S19_R1_001,Lab2,NEBNext,NA,2
9,ref_miRNA_count,DG-PlasmaMP-NEB-2_S19_R1_001,244,DG-PlasmaMP-NEB-2_S19_R1_001,Lab2,NEBNext,NA,2
0,iso_3p_mean,DG-PlasmaMP-NEB-2_S19_R1_001,44.3449034773,DG-PlasmaMP-NEB-2_S19_R1_001,Lab2,NEBNext,NA,2
1,iso_5p_mean,DG-PlasmaMP-NEB-2_S19_R1_001,15.226245113,DG-PlasmaMP-NEB-2_S19_R1_001,Lab2,NEBNext,NA,2
2,iso_add_mean,DG-PlasmaMP-NEB-2_S19_R1_001,25.529647641,DG-PlasmaMP-NEB-2_S19_R1_001,Lab2,NEBNext,NA,2
3,iso_snp_mean,DG-PlasmaMP-NEB-2_S19_R1_001,11.9097042413,DG-PlasmaMP-NEB-2_S19_R1_001,Lab2,NEBNext,NA,2
4,iso_snp_central_mean,DG-PlasmaMP-NEB-2_S19_R1_001,6.33821510297,DG-PlasmaMP-NEB-2_S19_R1_001,Lab2,NEBNext,NA,2
5,iso_snp_central_offset_mean,DG-PlasmaMP-NEB-2_S19_R1_001,6.20769230769,DG-PlasmaMP-NEB-2_S19_R1_001,Lab2,NEBNext,NA,2
6,iso_snp_central_supp_mean,DG-PlasmaMP-NEB-2_S19_R1_001,7.33747090768,DG-PlasmaMP-NEB-2_S19_R1_001,Lab2,NEBNext,NA,2
7,iso_snp_seed_mean,DG-PlasmaMP-NEB-2_S19_R1_001,6.95451825254,DG-PlasmaMP-NEB-2_S19_R1_001,Lab2,NEBNext,NA,2
8,isomiR_mean,DG-PlasmaMP-NEB-2_S19_R1_001,31.8084815321,DG-PlasmaMP-NEB-2_S19_R1_001,Lab2,NEBNext,NA,2
9,ref_miRNA_mean,DG-PlasmaMP-NEB-2_S19_R1_001,3627.52459016,DG-PlasmaMP-NEB-2_S19_R1_001,Lab2,NEBNext,NA,2
0,iso_3p_sum,DG-PlasmaMP-NEB-3_S20_R1_001,690906,DG-PlasmaMP-NEB-3_S20_R1_001,Lab2,NEBNext,NA,3
1,iso_5p_sum,DG-PlasmaMP-NEB-3_S20_R1_001,155921,DG-PlasmaMP-NEB-3_S20_R1_001,Lab2,NEBNext,NA,3
2,iso_add_sum,DG-PlasmaMP-NEB-3_S20_R1_001,319099,DG-PlasmaMP-NEB-3_S20_R1_001,Lab2,NEBNext,NA,3
3,iso_snp_sum,DG-PlasmaMP-NEB-3_S20_R1_001,293324,DG-PlasmaMP-NEB-3_S20_R1_001,Lab2,NEBNext,NA,3
4,iso_snp_central_sum,DG-PlasmaMP-NEB-3_S20_R1_001,11786,DG-PlasmaMP-NEB-3_S20_R1_001,Lab2,NEBNext,NA,3
5,iso_snp_central_offset_sum,DG-PlasmaMP-NEB-3_S20_R1_001,3033,DG-PlasmaMP-NEB-3_S20_R1_001,Lab2,NEBNext,NA,3
6,iso_snp_central_supp_sum,DG-PlasmaMP-NEB-3_S20_R1_001,25904,DG-PlasmaMP-NEB-3_S20_R1_001,Lab2,NEBNext,NA,3
7,iso_snp_seed_sum,DG-PlasmaMP-NEB-3_S20_R1_001,9816,DG-PlasmaMP-NEB-3_S20_R1_001,Lab2,NEBNext,NA,3
8,isomiR_sum,DG-PlasmaMP-NEB-3_S20_R1_001,1209442,DG-PlasmaMP-NEB-3_S20_R1_001,Lab2,NEBNext,NA,3
9,ref_miRNA_sum,DG-PlasmaMP-NEB-3_S20_R1_001,950607,DG-PlasmaMP-NEB-3_S20_R1_001,Lab2,NEBNext,NA,3
0,iso_3p_count,DG-PlasmaMP-NEB-3_S20_R1_001,14524,DG-PlasmaMP-NEB-3_S20_R1_001,Lab2,NEBNext,NA,3
1,iso_5p_count,DG-PlasmaMP-NEB-3_S20_R1_001,9903,DG-PlasmaMP-NEB-3_S20_R1_001,Lab2,NEBNext,NA,3
2,iso_add_count,DG-PlasmaMP-NEB-3_S20_R1_001,11089,DG-PlasmaMP-NEB-3_S20_R1_001,Lab2,NEBNext,NA,3
3,iso_snp_count,DG-PlasmaMP-NEB-3_S20_R1_001,25817,DG-PlasmaMP-NEB-3_S20_R1_001,Lab2,NEBNext,NA,3
4,iso_snp_central_count,DG-PlasmaMP-NEB-3_S20_R1_001,2017,DG-PlasmaMP-NEB-3_S20_R1_001,Lab2,NEBNext,NA,3
5,iso_snp_central_offset_count,DG-PlasmaMP-NEB-3_S20_R1_001,466,DG-PlasmaMP-NEB-3_S20_R1_001,Lab2,NEBNext,NA,3
6,iso_snp_central_supp_count,DG-PlasmaMP-NEB-3_S20_R1_001,3496,DG-PlasmaMP-NEB-3_S20_R1_001,Lab2,NEBNext,NA,3
7,iso_snp_seed_count,DG-PlasmaMP-NEB-3_S20_R1_001,1531,DG-PlasmaMP-NEB-3_S20_R1_001,Lab2,NEBNext,NA,3
8,isomiR_count,DG-PlasmaMP-NEB-3_S20_R1_001,35666,DG-PlasmaMP-NEB-3_S20_R1_001,Lab2,NEBNext,NA,3
9,ref_miRNA_count,DG-PlasmaMP-NEB-3_S20_R1_001,235,DG-PlasmaMP-NEB-3_S20_R1_001,Lab2,NEBNext,NA,3
0,iso_3p_mean,DG-PlasmaMP-NEB-3_S20_R1_001,47.5699531809,DG-PlasmaMP-NEB-3_S20_R1_001,Lab2,NEBNext,NA,3
1,iso_5p_mean,DG-PlasmaMP-NEB-3_S20_R1_001,15.7448248006,DG-PlasmaMP-NEB-3_S20_R1_001,Lab2,NEBNext,NA,3
2,iso_add_mean,DG-PlasmaMP-NEB-3_S20_R1_001,28.7761745874,DG-PlasmaMP-NEB-3_S20_R1_001,Lab2,NEBNext,NA,3
3,iso_snp_mean,DG-PlasmaMP-NEB-3_S20_R1_001,11.3616609211,DG-PlasmaMP-NEB-3_S20_R1_001,Lab2,NEBNext,NA,3
4,iso_snp_central_mean,DG-PlasmaMP-NEB-3_S20_R1_001,5.84333168071,DG-PlasmaMP-NEB-3_S20_R1_001,Lab2,NEBNext,NA,3
5,iso_snp_central_offset_mean,DG-PlasmaMP-NEB-3_S20_R1_001,6.50858369099,DG-PlasmaMP-NEB-3_S20_R1_001,Lab2,NEBNext,NA,3
6,iso_snp_central_supp_mean,DG-PlasmaMP-NEB-3_S20_R1_001,7.40961098398,DG-PlasmaMP-NEB-3_S20_R1_001,Lab2,NEBNext,NA,3
7,iso_snp_seed_mean,DG-PlasmaMP-NEB-3_S20_R1_001,6.41149575441,DG-PlasmaMP-NEB-3_S20_R1_001,Lab2,NEBNext,NA,3
8,isomiR_mean,DG-PlasmaMP-NEB-3_S20_R1_001,33.910222621,DG-PlasmaMP-NEB-3_S20_R1_001,Lab2,NEBNext,NA,3
9,ref_miRNA_mean,DG-PlasmaMP-NEB-3_S20_R1_001,4045.13617021,DG-PlasmaMP-NEB-3_S20_R1_001,Lab2,NEBNext,NA,3
0,iso_3p_sum,DG-PlasmaMP-NEB-4_S21_R1_001,646934,DG-PlasmaMP-NEB-4_S21_R1_001,Lab2,NEBNext,NA,4
1,iso_5p_sum,DG-PlasmaMP-NEB-4_S21_R1_001,144076,DG-PlasmaMP-NEB-4_S21_R1_001,Lab2,NEBNext,NA,4
2,iso_add_sum,DG-PlasmaMP-NEB-4_S21_R1_001,303643,DG-PlasmaMP-NEB-4_S21_R1_001,Lab2,NEBNext,NA,4
3,iso_snp_sum,DG-PlasmaMP-NEB-4_S21_R1_001,316839,DG-PlasmaMP-NEB-4_S21_R1_001,Lab2,NEBNext,NA,4
4,iso_snp_central_sum,DG-PlasmaMP-NEB-4_S21_R1_001,11910,DG-PlasmaMP-NEB-4_S21_R1_001,Lab2,NEBNext,NA,4
5,iso_snp_central_offset_sum,DG-PlasmaMP-NEB-4_S21_R1_001,2804,DG-PlasmaMP-NEB-4_S21_R1_001,Lab2,NEBNext,NA,4
6,iso_snp_central_supp_sum,DG-PlasmaMP-NEB-4_S21_R1_001,24025,DG-PlasmaMP-NEB-4_S21_R1_001,Lab2,NEBNext,NA,4
7,iso_snp_seed_sum,DG-PlasmaMP-NEB-4_S21_R1_001,9656,DG-PlasmaMP-NEB-4_S21_R1_001,Lab2,NEBNext,NA,4
8,isomiR_sum,DG-PlasmaMP-NEB-4_S21_R1_001,1162907,DG-PlasmaMP-NEB-4_S21_R1_001,Lab2,NEBNext,NA,4
9,ref_miRNA_sum,DG-PlasmaMP-NEB-4_S21_R1_001,867874,DG-PlasmaMP-NEB-4_S21_R1_001,Lab2,NEBNext,NA,4
0,iso_3p_count,DG-PlasmaMP-NEB-4_S21_R1_001,15388,DG-PlasmaMP-NEB-4_S21_R1_001,Lab2,NEBNext,NA,4
1,iso_5p_count,DG-PlasmaMP-NEB-4_S21_R1_001,10998,DG-PlasmaMP-NEB-4_S21_R1_001,Lab2,NEBNext,NA,4
2,iso_add_count,DG-PlasmaMP-NEB-4_S21_R1_001,12193,DG-PlasmaMP-NEB-4_S21_R1_001,Lab2,NEBNext,NA,4
3,iso_snp_count,DG-PlasmaMP-NEB-4_S21_R1_001,27176,DG-PlasmaMP-NEB-4_S21_R1_001,Lab2,NEBNext,NA,4
4,iso_snp_central_count,DG-PlasmaMP-NEB-4_S21_R1_001,2127,DG-PlasmaMP-NEB-4_S21_R1_001,Lab2,NEBNext,NA,4
5,iso_snp_central_offset_count,DG-PlasmaMP-NEB-4_S21_R1_001,502,DG-PlasmaMP-NEB-4_S21_R1_001,Lab2,NEBNext,NA,4
6,iso_snp_central_supp_count,DG-PlasmaMP-NEB-4_S21_R1_001,3757,DG-PlasmaMP-NEB-4_S21_R1_001,Lab2,NEBNext,NA,4
7,iso_snp_seed_count,DG-PlasmaMP-NEB-4_S21_R1_001,1632,DG-PlasmaMP-NEB-4_S21_R1_001,Lab2,NEBNext,NA,4
8,isomiR_count,DG-PlasmaMP-NEB-4_S21_R1_001,37994,DG-PlasmaMP-NEB-4_S21_R1_001,Lab2,NEBNext,NA,4
9,ref_miRNA_count,DG-PlasmaMP-NEB-4_S21_R1_001,225,DG-PlasmaMP-NEB-4_S21_R1_001,Lab2,NEBNext,NA,4
0,iso_3p_mean,DG-PlasmaMP-NEB-4_S21_R1_001,42.0414608786,DG-PlasmaMP-NEB-4_S21_R1_001,Lab2,NEBNext,NA,4
1,iso_5p_mean,DG-PlasmaMP-NEB-4_S21_R1_001,13.1002000364,DG-PlasmaMP-NEB-4_S21_R1_001,Lab2,NEBNext,NA,4
2,iso_add_mean,DG-PlasmaMP-NEB-4_S21_R1_001,24.9030591323,DG-PlasmaMP-NEB-4_S21_R1_001,Lab2,NEBNext,NA,4
3,iso_snp_mean,DG-PlasmaMP-NEB-4_S21_R1_001,11.6587798057,DG-PlasmaMP-NEB-4_S21_R1_001,Lab2,NEBNext,NA,4
4,iso_snp_central_mean,DG-PlasmaMP-NEB-4_S21_R1_001,5.59943582511,DG-PlasmaMP-NEB-4_S21_R1_001,Lab2,NEBNext,NA,4
5,iso_snp_central_offset_mean,DG-PlasmaMP-NEB-4_S21_R1_001,5.58565737052,DG-PlasmaMP-NEB-4_S21_R1_001,Lab2,NEBNext,NA,4
6,iso_snp_central_supp_mean,DG-PlasmaMP-NEB-4_S21_R1_001,6.39472983764,DG-PlasmaMP-NEB-4_S21_R1_001,Lab2,NEBNext,NA,4
7,iso_snp_seed_mean,DG-PlasmaMP-NEB-4_S21_R1_001,5.91666666667,DG-PlasmaMP-NEB-4_S21_R1_001,Lab2,NEBNext,NA,4
8,isomiR_mean,DG-PlasmaMP-NEB-4_S21_R1_001,30.6076485761,DG-PlasmaMP-NEB-4_S21_R1_001,Lab2,NEBNext,NA,4
9,ref_miRNA_mean,DG-PlasmaMP-NEB-4_S21_R1_001,3857.21777778,DG-PlasmaMP-NEB-4_S21_R1_001,Lab2,NEBNext,NA,4
0,iso_3p_sum,NEB-Plasma-1_S85553_AGTCAA,549747,NEB-Plasma-1_S85553_AGTCAA,Lab5,NEBNext,NA,1
1,iso_5p_sum,NEB-Plasma-1_S85553_AGTCAA,140777,NEB-Plasma-1_S85553_AGTCAA,Lab5,NEBNext,NA,1
2,iso_add_sum,NEB-Plasma-1_S85553_AGTCAA,258464,NEB-Plasma-1_S85553_AGTCAA,Lab5,NEBNext,NA,1
3,iso_snp_sum,NEB-Plasma-1_S85553_AGTCAA,285319,NEB-Plasma-1_S85553_AGTCAA,Lab5,NEBNext,NA,1
4,iso_snp_central_sum,NEB-Plasma-1_S85553_AGTCAA,12159,NEB-Plasma-1_S85553_AGTCAA,Lab5,NEBNext,NA,1
5,iso_snp_central_offset_sum,NEB-Plasma-1_S85553_AGTCAA,3018,NEB-Plasma-1_S85553_AGTCAA,Lab5,NEBNext,NA,1
6,iso_snp_central_supp_sum,NEB-Plasma-1_S85553_AGTCAA,23108,NEB-Plasma-1_S85553_AGTCAA,Lab5,NEBNext,NA,1
7,iso_snp_seed_sum,NEB-Plasma-1_S85553_AGTCAA,11393,NEB-Plasma-1_S85553_AGTCAA,Lab5,NEBNext,NA,1
8,isomiR_sum,NEB-Plasma-1_S85553_AGTCAA,1001425,NEB-Plasma-1_S85553_AGTCAA,Lab5,NEBNext,NA,1
9,ref_miRNA_sum,NEB-Plasma-1_S85553_AGTCAA,728910,NEB-Plasma-1_S85553_AGTCAA,Lab5,NEBNext,NA,1
0,iso_3p_count,NEB-Plasma-1_S85553_AGTCAA,16326,NEB-Plasma-1_S85553_AGTCAA,Lab5,NEBNext,NA,1
1,iso_5p_count,NEB-Plasma-1_S85553_AGTCAA,13250,NEB-Plasma-1_S85553_AGTCAA,Lab5,NEBNext,NA,1
2,iso_add_count,NEB-Plasma-1_S85553_AGTCAA,12721,NEB-Plasma-1_S85553_AGTCAA,Lab5,NEBNext,NA,1
3,iso_snp_count,NEB-Plasma-1_S85553_AGTCAA,28026,NEB-Plasma-1_S85553_AGTCAA,Lab5,NEBNext,NA,1
4,iso_snp_central_count,NEB-Plasma-1_S85553_AGTCAA,2271,NEB-Plasma-1_S85553_AGTCAA,Lab5,NEBNext,NA,1
5,iso_snp_central_offset_count,NEB-Plasma-1_S85553_AGTCAA,576,NEB-Plasma-1_S85553_AGTCAA,Lab5,NEBNext,NA,1
6,iso_snp_central_supp_count,NEB-Plasma-1_S85553_AGTCAA,3950,NEB-Plasma-1_S85553_AGTCAA,Lab5,NEBNext,NA,1
7,iso_snp_seed_count,NEB-Plasma-1_S85553_AGTCAA,1918,NEB-Plasma-1_S85553_AGTCAA,Lab5,NEBNext,NA,1
8,isomiR_count,NEB-Plasma-1_S85553_AGTCAA,39966,NEB-Plasma-1_S85553_AGTCAA,Lab5,NEBNext,NA,1
9,ref_miRNA_count,NEB-Plasma-1_S85553_AGTCAA,370,NEB-Plasma-1_S85553_AGTCAA,Lab5,NEBNext,NA,1
0,iso_3p_mean,NEB-Plasma-1_S85553_AGTCAA,33.6730981257,NEB-Plasma-1_S85553_AGTCAA,Lab5,NEBNext,NA,1
1,iso_5p_mean,NEB-Plasma-1_S85553_AGTCAA,10.6246792453,NEB-Plasma-1_S85553_AGTCAA,Lab5,NEBNext,NA,1
2,iso_add_mean,NEB-Plasma-1_S85553_AGTCAA,20.3178995362,NEB-Plasma-1_S85553_AGTCAA,Lab5,NEBNext,NA,1
3,iso_snp_mean,NEB-Plasma-1_S85553_AGTCAA,10.1805109541,NEB-Plasma-1_S85553_AGTCAA,Lab5,NEBNext,NA,1
4,iso_snp_central_mean,NEB-Plasma-1_S85553_AGTCAA,5.35402906209,NEB-Plasma-1_S85553_AGTCAA,Lab5,NEBNext,NA,1
5,iso_snp_central_offset_mean,NEB-Plasma-1_S85553_AGTCAA,5.23958333333,NEB-Plasma-1_S85553_AGTCAA,Lab5,NEBNext,NA,1
6,iso_snp_central_supp_mean,NEB-Plasma-1_S85553_AGTCAA,5.85012658228,NEB-Plasma-1_S85553_AGTCAA,Lab5,NEBNext,NA,1
7,iso_snp_seed_mean,NEB-Plasma-1_S85553_AGTCAA,5.94004171011,NEB-Plasma-1_S85553_AGTCAA,Lab5,NEBNext,NA,1
8,isomiR_mean,NEB-Plasma-1_S85553_AGTCAA,25.0569233849,NEB-Plasma-1_S85553_AGTCAA,Lab5,NEBNext,NA,1
9,ref_miRNA_mean,NEB-Plasma-1_S85553_AGTCAA,1970.02702703,NEB-Plasma-1_S85553_AGTCAA,Lab5,NEBNext,NA,1
0,iso_3p_sum,NEB-Plasma-2_S85554_AGTTCC,603859,NEB-Plasma-2_S85554_AGTTCC,Lab5,NEBNext,NA,2
1,iso_5p_sum,NEB-Plasma-2_S85554_AGTTCC,141706,NEB-Plasma-2_S85554_AGTTCC,Lab5,NEBNext,NA,2
2,iso_add_sum,NEB-Plasma-2_S85554_AGTTCC,286320,NEB-Plasma-2_S85554_AGTTCC,Lab5,NEBNext,NA,2
3,iso_snp_sum,NEB-Plasma-2_S85554_AGTTCC,276432,NEB-Plasma-2_S85554_AGTTCC,Lab5,NEBNext,NA,2
4,iso_snp_central_sum,NEB-Plasma-2_S85554_AGTTCC,12337,NEB-Plasma-2_S85554_AGTTCC,Lab5,NEBNext,NA,2
5,iso_snp_central_offset_sum,NEB-Plasma-2_S85554_AGTTCC,3217,NEB-Plasma-2_S85554_AGTTCC,Lab5,NEBNext,NA,2
6,iso_snp_central_supp_sum,NEB-Plasma-2_S85554_AGTTCC,23878,NEB-Plasma-2_S85554_AGTTCC,Lab5,NEBNext,NA,2
7,iso_snp_seed_sum,NEB-Plasma-2_S85554_AGTTCC,12146,NEB-Plasma-2_S85554_AGTTCC,Lab5,NEBNext,NA,2
8,isomiR_sum,NEB-Plasma-2_S85554_AGTTCC,1076458,NEB-Plasma-2_S85554_AGTTCC,Lab5,NEBNext,NA,2
9,ref_miRNA_sum,NEB-Plasma-2_S85554_AGTTCC,789253,NEB-Plasma-2_S85554_AGTTCC,Lab5,NEBNext,NA,2
0,iso_3p_count,NEB-Plasma-2_S85554_AGTTCC,16429,NEB-Plasma-2_S85554_AGTTCC,Lab5,NEBNext,NA,2
1,iso_5p_count,NEB-Plasma-2_S85554_AGTTCC,12934,NEB-Plasma-2_S85554_AGTTCC,Lab5,NEBNext,NA,2
2,iso_add_count,NEB-Plasma-2_S85554_AGTTCC,13113,NEB-Plasma-2_S85554_AGTTCC,Lab5,NEBNext,NA,2
3,iso_snp_count,NEB-Plasma-2_S85554_AGTTCC,28287,NEB-Plasma-2_S85554_AGTTCC,Lab5,NEBNext,NA,2
4,iso_snp_central_count,NEB-Plasma-2_S85554_AGTTCC,2247,NEB-Plasma-2_S85554_AGTTCC,Lab5,NEBNext,NA,2
5,iso_snp_central_offset_count,NEB-Plasma-2_S85554_AGTTCC,572,NEB-Plasma-2_S85554_AGTTCC,Lab5,NEBNext,NA,2
6,iso_snp_central_supp_count,NEB-Plasma-2_S85554_AGTTCC,3883,NEB-Plasma-2_S85554_AGTTCC,Lab5,NEBNext,NA,2
7,iso_snp_seed_count,NEB-Plasma-2_S85554_AGTTCC,1978,NEB-Plasma-2_S85554_AGTTCC,Lab5,NEBNext,NA,2
8,isomiR_count,NEB-Plasma-2_S85554_AGTTCC,40166,NEB-Plasma-2_S85554_AGTTCC,Lab5,NEBNext,NA,2
9,ref_miRNA_count,NEB-Plasma-2_S85554_AGTTCC,299,NEB-Plasma-2_S85554_AGTTCC,Lab5,NEBNext,NA,2
0,iso_3p_mean,NEB-Plasma-2_S85554_AGTTCC,36.7556759389,NEB-Plasma-2_S85554_AGTTCC,Lab5,NEBNext,NA,2
1,iso_5p_mean,NEB-Plasma-2_S85554_AGTTCC,10.9560847379,NEB-Plasma-2_S85554_AGTTCC,Lab5,NEBNext,NA,2
2,iso_add_mean,NEB-Plasma-2_S85554_AGTTCC,21.8348204072,NEB-Plasma-2_S85554_AGTTCC,Lab5,NEBNext,NA,2
3,iso_snp_mean,NEB-Plasma-2_S85554_AGTTCC,9.77240428465,NEB-Plasma-2_S85554_AGTTCC,Lab5,NEBNext,NA,2
4,iso_snp_central_mean,NEB-Plasma-2_S85554_AGTTCC,5.49043168669,NEB-Plasma-2_S85554_AGTTCC,Lab5,NEBNext,NA,2
5,iso_snp_central_offset_mean,NEB-Plasma-2_S85554_AGTTCC,5.62412587413,NEB-Plasma-2_S85554_AGTTCC,Lab5,NEBNext,NA,2
6,iso_snp_central_supp_mean,NEB-Plasma-2_S85554_AGTTCC,6.14936904455,NEB-Plasma-2_S85554_AGTTCC,Lab5,NEBNext,NA,2
7,iso_snp_seed_mean,NEB-Plasma-2_S85554_AGTTCC,6.14054600607,NEB-Plasma-2_S85554_AGTTCC,Lab5,NEBNext,NA,2
8,isomiR_mean,NEB-Plasma-2_S85554_AGTTCC,26.8002290494,NEB-Plasma-2_S85554_AGTTCC,Lab5,NEBNext,NA,2
9,ref_miRNA_mean,NEB-Plasma-2_S85554_AGTTCC,2639.64214047,NEB-Plasma-2_S85554_AGTTCC,Lab5,NEBNext,NA,2
0,iso_3p_sum,NEB-Plasma-3_S85555_ATGTCA,426315,NEB-Plasma-3_S85555_ATGTCA,Lab5,NEBNext,NA,3
1,iso_5p_sum,NEB-Plasma-3_S85555_ATGTCA,95883,NEB-Plasma-3_S85555_ATGTCA,Lab5,NEBNext,NA,3
2,iso_add_sum,NEB-Plasma-3_S85555_ATGTCA,208493,NEB-Plasma-3_S85555_ATGTCA,Lab5,NEBNext,NA,3
3,iso_snp_sum,NEB-Plasma-3_S85555_ATGTCA,197805,NEB-Plasma-3_S85555_ATGTCA,Lab5,NEBNext,NA,3
4,iso_snp_central_sum,NEB-Plasma-3_S85555_ATGTCA,8797,NEB-Plasma-3_S85555_ATGTCA,Lab5,NEBNext,NA,3
5,iso_snp_central_offset_sum,NEB-Plasma-3_S85555_ATGTCA,2334,NEB-Plasma-3_S85555_ATGTCA,Lab5,NEBNext,NA,3
6,iso_snp_central_supp_sum,NEB-Plasma-3_S85555_ATGTCA,16702,NEB-Plasma-3_S85555_ATGTCA,Lab5,NEBNext,NA,3
7,iso_snp_seed_sum,NEB-Plasma-3_S85555_ATGTCA,8903,NEB-Plasma-3_S85555_ATGTCA,Lab5,NEBNext,NA,3
8,isomiR_sum,NEB-Plasma-3_S85555_ATGTCA,767670,NEB-Plasma-3_S85555_ATGTCA,Lab5,NEBNext,NA,3
9,ref_miRNA_sum,NEB-Plasma-3_S85555_ATGTCA,529348,NEB-Plasma-3_S85555_ATGTCA,Lab5,NEBNext,NA,3
0,iso_3p_count,NEB-Plasma-3_S85555_ATGTCA,14978,NEB-Plasma-3_S85555_ATGTCA,Lab5,NEBNext,NA,3
1,iso_5p_count,NEB-Plasma-3_S85555_ATGTCA,11918,NEB-Plasma-3_S85555_ATGTCA,Lab5,NEBNext,NA,3
2,iso_add_count,NEB-Plasma-3_S85555_ATGTCA,11981,NEB-Plasma-3_S85555_ATGTCA,Lab5,NEBNext,NA,3
3,iso_snp_count,NEB-Plasma-3_S85555_ATGTCA,25389,NEB-Plasma-3_S85555_ATGTCA,Lab5,NEBNext,NA,3
4,iso_snp_central_count,NEB-Plasma-3_S85555_ATGTCA,2058,NEB-Plasma-3_S85555_ATGTCA,Lab5,NEBNext,NA,3
5,iso_snp_central_offset_count,NEB-Plasma-3_S85555_ATGTCA,478,NEB-Plasma-3_S85555_ATGTCA,Lab5,NEBNext,NA,3
6,iso_snp_central_supp_count,NEB-Plasma-3_S85555_ATGTCA,3430,NEB-Plasma-3_S85555_ATGTCA,Lab5,NEBNext,NA,3
7,iso_snp_seed_count,NEB-Plasma-3_S85555_ATGTCA,1597,NEB-Plasma-3_S85555_ATGTCA,Lab5,NEBNext,NA,3
8,isomiR_count,NEB-Plasma-3_S85555_ATGTCA,36476,NEB-Plasma-3_S85555_ATGTCA,Lab5,NEBNext,NA,3
9,ref_miRNA_count,NEB-Plasma-3_S85555_ATGTCA,365,NEB-Plasma-3_S85555_ATGTCA,Lab5,NEBNext,NA,3
0,iso_3p_mean,NEB-Plasma-3_S85555_ATGTCA,28.4627453599,NEB-Plasma-3_S85555_ATGTCA,Lab5,NEBNext,NA,3
1,iso_5p_mean,NEB-Plasma-3_S85555_ATGTCA,8.04522570901,NEB-Plasma-3_S85555_ATGTCA,Lab5,NEBNext,NA,3
2,iso_add_mean,NEB-Plasma-3_S85555_ATGTCA,17.4019697855,NEB-Plasma-3_S85555_ATGTCA,Lab5,NEBNext,NA,3
3,iso_snp_mean,NEB-Plasma-3_S85555_ATGTCA,7.79097246839,NEB-Plasma-3_S85555_ATGTCA,Lab5,NEBNext,NA,3
4,iso_snp_central_mean,NEB-Plasma-3_S85555_ATGTCA,4.27453838678,NEB-Plasma-3_S85555_ATGTCA,Lab5,NEBNext,NA,3
5,iso_snp_central_offset_mean,NEB-Plasma-3_S85555_ATGTCA,4.88284518828,NEB-Plasma-3_S85555_ATGTCA,Lab5,NEBNext,NA,3
6,iso_snp_central_supp_mean,NEB-Plasma-3_S85555_ATGTCA,4.8693877551,NEB-Plasma-3_S85555_ATGTCA,Lab5,NEBNext,NA,3
7,iso_snp_seed_mean,NEB-Plasma-3_S85555_ATGTCA,5.57482780213,NEB-Plasma-3_S85555_ATGTCA,Lab5,NEBNext,NA,3
8,isomiR_mean,NEB-Plasma-3_S85555_ATGTCA,21.04589319,NEB-Plasma-3_S85555_ATGTCA,Lab5,NEBNext,NA,3
9,ref_miRNA_mean,NEB-Plasma-3_S85555_ATGTCA,1450.26849315,NEB-Plasma-3_S85555_ATGTCA,Lab5,NEBNext,NA,3
0,iso_3p_sum,NEB-Plasma-4_S85556_CCGTCC,638322,NEB-Plasma-4_S85556_CCGTCC,Lab5,NEBNext,NA,4
1,iso_5p_sum,NEB-Plasma-4_S85556_CCGTCC,152710,NEB-Plasma-4_S85556_CCGTCC,Lab5,NEBNext,NA,4
2,iso_add_sum,NEB-Plasma-4_S85556_CCGTCC,283227,NEB-Plasma-4_S85556_CCGTCC,Lab5,NEBNext,NA,4
3,iso_snp_sum,NEB-Plasma-4_S85556_CCGTCC,286046,NEB-Plasma-4_S85556_CCGTCC,Lab5,NEBNext,NA,4
4,iso_snp_central_sum,NEB-Plasma-4_S85556_CCGTCC,13422,NEB-Plasma-4_S85556_CCGTCC,Lab5,NEBNext,NA,4
5,iso_snp_central_offset_sum,NEB-Plasma-4_S85556_CCGTCC,3815,NEB-Plasma-4_S85556_CCGTCC,Lab5,NEBNext,NA,4
6,iso_snp_central_supp_sum,NEB-Plasma-4_S85556_CCGTCC,25477,NEB-Plasma-4_S85556_CCGTCC,Lab5,NEBNext,NA,4
7,iso_snp_seed_sum,NEB-Plasma-4_S85556_CCGTCC,14240,NEB-Plasma-4_S85556_CCGTCC,Lab5,NEBNext,NA,4
8,isomiR_sum,NEB-Plasma-4_S85556_CCGTCC,1101143,NEB-Plasma-4_S85556_CCGTCC,Lab5,NEBNext,NA,4
9,ref_miRNA_sum,NEB-Plasma-4_S85556_CCGTCC,724059,NEB-Plasma-4_S85556_CCGTCC,Lab5,NEBNext,NA,4
0,iso_3p_count,NEB-Plasma-4_S85556_CCGTCC,19666,NEB-Plasma-4_S85556_CCGTCC,Lab5,NEBNext,NA,4
1,iso_5p_count,NEB-Plasma-4_S85556_CCGTCC,15976,NEB-Plasma-4_S85556_CCGTCC,Lab5,NEBNext,NA,4
2,iso_add_count,NEB-Plasma-4_S85556_CCGTCC,15067,NEB-Plasma-4_S85556_CCGTCC,Lab5,NEBNext,NA,4
3,iso_snp_count,NEB-Plasma-4_S85556_CCGTCC,32694,NEB-Plasma-4_S85556_CCGTCC,Lab5,NEBNext,NA,4
4,iso_snp_central_count,NEB-Plasma-4_S85556_CCGTCC,2676,NEB-Plasma-4_S85556_CCGTCC,Lab5,NEBNext,NA,4
5,iso_snp_central_offset_count,NEB-Plasma-4_S85556_CCGTCC,673,NEB-Plasma-4_S85556_CCGTCC,Lab5,NEBNext,NA,4
6,iso_snp_central_supp_count,NEB-Plasma-4_S85556_CCGTCC,4454,NEB-Plasma-4_S85556_CCGTCC,Lab5,NEBNext,NA,4
7,iso_snp_seed_count,NEB-Plasma-4_S85556_CCGTCC,2203,NEB-Plasma-4_S85556_CCGTCC,Lab5,NEBNext,NA,4
8,isomiR_count,NEB-Plasma-4_S85556_CCGTCC,46574,NEB-Plasma-4_S85556_CCGTCC,Lab5,NEBNext,NA,4
9,ref_miRNA_count,NEB-Plasma-4_S85556_CCGTCC,337,NEB-Plasma-4_S85556_CCGTCC,Lab5,NEBNext,NA,4
0,iso_3p_mean,NEB-Plasma-4_S85556_CCGTCC,32.4581511238,NEB-Plasma-4_S85556_CCGTCC,Lab5,NEBNext,NA,4
1,iso_5p_mean,NEB-Plasma-4_S85556_CCGTCC,9.5587130696,NEB-Plasma-4_S85556_CCGTCC,Lab5,NEBNext,NA,4
2,iso_add_mean,NEB-Plasma-4_S85556_CCGTCC,18.7978363311,NEB-Plasma-4_S85556_CCGTCC,Lab5,NEBNext,NA,4
3,iso_snp_mean,NEB-Plasma-4_S85556_CCGTCC,8.74918945372,NEB-Plasma-4_S85556_CCGTCC,Lab5,NEBNext,NA,4
4,iso_snp_central_mean,NEB-Plasma-4_S85556_CCGTCC,5.01569506726,NEB-Plasma-4_S85556_CCGTCC,Lab5,NEBNext,NA,4
5,iso_snp_central_offset_mean,NEB-Plasma-4_S85556_CCGTCC,5.66864784547,NEB-Plasma-4_S85556_CCGTCC,Lab5,NEBNext,NA,4
6,iso_snp_central_supp_mean,NEB-Plasma-4_S85556_CCGTCC,5.72002694207,NEB-Plasma-4_S85556_CCGTCC,Lab5,NEBNext,NA,4
7,iso_snp_seed_mean,NEB-Plasma-4_S85556_CCGTCC,6.46391284612,NEB-Plasma-4_S85556_CCGTCC,Lab5,NEBNext,NA,4
8,isomiR_mean,NEB-Plasma-4_S85556_CCGTCC,23.6428694121,NEB-Plasma-4_S85556_CCGTCC,Lab5,NEBNext,NA,4
9,ref_miRNA_mean,NEB-Plasma-4_S85556_CCGTCC,2148.54302671,NEB-Plasma-4_S85556_CCGTCC,Lab5,NEBNext,NA,4
0,iso_3p_sum,PT_37_S5_L001_R1_001,123596,PT_37_S5_L001_R1_001,Lab4,TrueSeq,NA,1
1,iso_5p_sum,PT_37_S5_L001_R1_001,18479,PT_37_S5_L001_R1_001,Lab4,TrueSeq,NA,1
2,iso_add_sum,PT_37_S5_L001_R1_001,126061,PT_37_S5_L001_R1_001,Lab4,TrueSeq,NA,1
3,iso_snp_sum,PT_37_S5_L001_R1_001,34546,PT_37_S5_L001_R1_001,Lab4,TrueSeq,NA,1
4,iso_snp_central_sum,PT_37_S5_L001_R1_001,580,PT_37_S5_L001_R1_001,Lab4,TrueSeq,NA,1
5,iso_snp_central_offset_sum,PT_37_S5_L001_R1_001,143,PT_37_S5_L001_R1_001,Lab4,TrueSeq,NA,1
6,iso_snp_central_supp_sum,PT_37_S5_L001_R1_001,1598,PT_37_S5_L001_R1_001,Lab4,TrueSeq,NA,1
7,iso_snp_seed_sum,PT_37_S5_L001_R1_001,479,PT_37_S5_L001_R1_001,Lab4,TrueSeq,NA,1
8,isomiR_sum,PT_37_S5_L001_R1_001,274887,PT_37_S5_L001_R1_001,Lab4,TrueSeq,NA,1
9,ref_miRNA_sum,PT_37_S5_L001_R1_001,285505,PT_37_S5_L001_R1_001,Lab4,TrueSeq,NA,1
0,iso_3p_count,PT_37_S5_L001_R1_001,3534,PT_37_S5_L001_R1_001,Lab4,TrueSeq,NA,1
1,iso_5p_count,PT_37_S5_L001_R1_001,4233,PT_37_S5_L001_R1_001,Lab4,TrueSeq,NA,1
2,iso_add_count,PT_37_S5_L001_R1_001,3724,PT_37_S5_L001_R1_001,Lab4,TrueSeq,NA,1
3,iso_snp_count,PT_37_S5_L001_R1_001,6538,PT_37_S5_L001_R1_001,Lab4,TrueSeq,NA,1
4,iso_snp_central_count,PT_37_S5_L001_R1_001,298,PT_37_S5_L001_R1_001,Lab4,TrueSeq,NA,1
5,iso_snp_central_offset_count,PT_37_S5_L001_R1_001,91,PT_37_S5_L001_R1_001,Lab4,TrueSeq,NA,1
6,iso_snp_central_supp_count,PT_37_S5_L001_R1_001,575,PT_37_S5_L001_R1_001,Lab4,TrueSeq,NA,1
7,iso_snp_seed_count,PT_37_S5_L001_R1_001,214,PT_37_S5_L001_R1_001,Lab4,TrueSeq,NA,1
8,isomiR_count,PT_37_S5_L001_R1_001,11275,PT_37_S5_L001_R1_001,Lab4,TrueSeq,NA,1
9,ref_miRNA_count,PT_37_S5_L001_R1_001,584,PT_37_S5_L001_R1_001,Lab4,TrueSeq,NA,1
0,iso_3p_mean,PT_37_S5_L001_R1_001,34.973401245,PT_37_S5_L001_R1_001,Lab4,TrueSeq,NA,1
1,iso_5p_mean,PT_37_S5_L001_R1_001,4.36546184739,PT_37_S5_L001_R1_001,Lab4,TrueSeq,NA,1
2,iso_add_mean,PT_37_S5_L001_R1_001,33.8509667025,PT_37_S5_L001_R1_001,Lab4,TrueSeq,NA,1
3,iso_snp_mean,PT_37_S5_L001_R1_001,5.28387886204,PT_37_S5_L001_R1_001,Lab4,TrueSeq,NA,1
4,iso_snp_central_mean,PT_37_S5_L001_R1_001,1.94630872483,PT_37_S5_L001_R1_001,Lab4,TrueSeq,NA,1
5,iso_snp_central_offset_mean,PT_37_S5_L001_R1_001,1.57142857143,PT_37_S5_L001_R1_001,Lab4,TrueSeq,NA,1
6,iso_snp_central_supp_mean,PT_37_S5_L001_R1_001,2.77913043478,PT_37_S5_L001_R1_001,Lab4,TrueSeq,NA,1
7,iso_snp_seed_mean,PT_37_S5_L001_R1_001,2.23831775701,PT_37_S5_L001_R1_001,Lab4,TrueSeq,NA,1
8,isomiR_mean,PT_37_S5_L001_R1_001,24.3802217295,PT_37_S5_L001_R1_001,Lab4,TrueSeq,NA,1
9,ref_miRNA_mean,PT_37_S5_L001_R1_001,488.878424658,PT_37_S5_L001_R1_001,Lab4,TrueSeq,NA,1
0,iso_3p_sum,PT_38_S6_L001_R1_001,99395,PT_38_S6_L001_R1_001,Lab4,TrueSeq,NA,2
1,iso_5p_sum,PT_38_S6_L001_R1_001,15275,PT_38_S6_L001_R1_001,Lab4,TrueSeq,NA,2
2,iso_add_sum,PT_38_S6_L001_R1_001,103794,PT_38_S6_L001_R1_001,Lab4,TrueSeq,NA,2
3,iso_snp_sum,PT_38_S6_L001_R1_001,30283,PT_38_S6_L001_R1_001,Lab4,TrueSeq,NA,2
4,iso_snp_central_sum,PT_38_S6_L001_R1_001,544,PT_38_S6_L001_R1_001,Lab4,TrueSeq,NA,2
5,iso_snp_central_offset_sum,PT_38_S6_L001_R1_001,95,PT_38_S6_L001_R1_001,Lab4,TrueSeq,NA,2
6,iso_snp_central_supp_sum,PT_38_S6_L001_R1_001,1156,PT_38_S6_L001_R1_001,Lab4,TrueSeq,NA,2
7,iso_snp_seed_sum,PT_38_S6_L001_R1_001,443,PT_38_S6_L001_R1_001,Lab4,TrueSeq,NA,2
8,isomiR_sum,PT_38_S6_L001_R1_001,225550,PT_38_S6_L001_R1_001,Lab4,TrueSeq,NA,2
9,ref_miRNA_sum,PT_38_S6_L001_R1_001,244601,PT_38_S6_L001_R1_001,Lab4,TrueSeq,NA,2
0,iso_3p_count,PT_38_S6_L001_R1_001,3272,PT_38_S6_L001_R1_001,Lab4,TrueSeq,NA,2
1,iso_5p_count,PT_38_S6_L001_R1_001,3841,PT_38_S6_L001_R1_001,Lab4,TrueSeq,NA,2
2,iso_add_count,PT_38_S6_L001_R1_001,3437,PT_38_S6_L001_R1_001,Lab4,TrueSeq,NA,2
3,iso_snp_count,PT_38_S6_L001_R1_001,6423,PT_38_S6_L001_R1_001,Lab4,TrueSeq,NA,2
4,iso_snp_central_count,PT_38_S6_L001_R1_001,311,PT_38_S6_L001_R1_001,Lab4,TrueSeq,NA,2
5,iso_snp_central_offset_count,PT_38_S6_L001_R1_001,57,PT_38_S6_L001_R1_001,Lab4,TrueSeq,NA,2
6,iso_snp_central_supp_count,PT_38_S6_L001_R1_001,529,PT_38_S6_L001_R1_001,Lab4,TrueSeq,NA,2
7,iso_snp_seed_count,PT_38_S6_L001_R1_001,185,PT_38_S6_L001_R1_001,Lab4,TrueSeq,NA,2
8,isomiR_count,PT_38_S6_L001_R1_001,10817,PT_38_S6_L001_R1_001,Lab4,TrueSeq,NA,2
9,ref_miRNA_count,PT_38_S6_L001_R1_001,589,PT_38_S6_L001_R1_001,Lab4,TrueSeq,NA,2
0,iso_3p_mean,PT_38_S6_L001_R1_001,30.3774449878,PT_38_S6_L001_R1_001,Lab4,TrueSeq,NA,2
1,iso_5p_mean,PT_38_S6_L001_R1_001,3.97682895079,PT_38_S6_L001_R1_001,Lab4,TrueSeq,NA,2
2,iso_add_mean,PT_38_S6_L001_R1_001,30.1990107652,PT_38_S6_L001_R1_001,Lab4,TrueSeq,NA,2
3,iso_snp_mean,PT_38_S6_L001_R1_001,4.71477502725,PT_38_S6_L001_R1_001,Lab4,TrueSeq,NA,2
4,iso_snp_central_mean,PT_38_S6_L001_R1_001,1.74919614148,PT_38_S6_L001_R1_001,Lab4,TrueSeq,NA,2
5,iso_snp_central_offset_mean,PT_38_S6_L001_R1_001,1.66666666667,PT_38_S6_L001_R1_001,Lab4,TrueSeq,NA,2
6,iso_snp_central_supp_mean,PT_38_S6_L001_R1_001,2.18525519849,PT_38_S6_L001_R1_001,Lab4,TrueSeq,NA,2
7,iso_snp_seed_mean,PT_38_S6_L001_R1_001,2.39459459459,PT_38_S6_L001_R1_001,Lab4,TrueSeq,NA,2
8,isomiR_mean,PT_38_S6_L001_R1_001,20.851437552,PT_38_S6_L001_R1_001,Lab4,TrueSeq,NA,2
9,ref_miRNA_mean,PT_38_S6_L001_R1_001,415.281833616,PT_38_S6_L001_R1_001,Lab4,TrueSeq,NA,2
0,iso_3p_sum,PT_39_S7_L001_R1_001,104942,PT_39_S7_L001_R1_001,Lab4,TrueSeq,NA,3
1,iso_5p_sum,PT_39_S7_L001_R1_001,15971,PT_39_S7_L001_R1_001,Lab4,TrueSeq,NA,3
2,iso_add_sum,PT_39_S7_L001_R1_001,109367,PT_39_S7_L001_R1_001,Lab4,TrueSeq,NA,3
3,iso_snp_sum,PT_39_S7_L001_R1_001,30847,PT_39_S7_L001_R1_001,Lab4,TrueSeq,NA,3
4,iso_snp_central_sum,PT_39_S7_L001_R1_001,560,PT_39_S7_L001_R1_001,Lab4,TrueSeq,NA,3
5,iso_snp_central_offset_sum,PT_39_S7_L001_R1_001,109,PT_39_S7_L001_R1_001,Lab4,TrueSeq,NA,3
6,iso_snp_central_supp_sum,PT_39_S7_L001_R1_001,1163,PT_39_S7_L001_R1_001,Lab4,TrueSeq,NA,3
7,iso_snp_seed_sum,PT_39_S7_L001_R1_001,514,PT_39_S7_L001_R1_001,Lab4,TrueSeq,NA,3
8,isomiR_sum,PT_39_S7_L001_R1_001,237270,PT_39_S7_L001_R1_001,Lab4,TrueSeq,NA,3
9,ref_miRNA_sum,PT_39_S7_L001_R1_001,253750,PT_39_S7_L001_R1_001,Lab4,TrueSeq,NA,3
0,iso_3p_count,PT_39_S7_L001_R1_001,3334,PT_39_S7_L001_R1_001,Lab4,TrueSeq,NA,3
1,iso_5p_count,PT_39_S7_L001_R1_001,3935,PT_39_S7_L001_R1_001,Lab4,TrueSeq,NA,3
2,iso_add_count,PT_39_S7_L001_R1_001,3455,PT_39_S7_L001_R1_001,Lab4,TrueSeq,NA,3
3,iso_snp_count,PT_39_S7_L001_R1_001,6481,PT_39_S7_L001_R1_001,Lab4,TrueSeq,NA,3
4,iso_snp_central_count,PT_39_S7_L001_R1_001,310,PT_39_S7_L001_R1_001,Lab4,TrueSeq,NA,3
5,iso_snp_central_offset_count,PT_39_S7_L001_R1_001,72,PT_39_S7_L001_R1_001,Lab4,TrueSeq,NA,3
6,iso_snp_central_supp_count,PT_39_S7_L001_R1_001,602,PT_39_S7_L001_R1_001,Lab4,TrueSeq,NA,3
7,iso_snp_seed_count,PT_39_S7_L001_R1_001,214,PT_39_S7_L001_R1_001,Lab4,TrueSeq,NA,3
8,isomiR_count,PT_39_S7_L001_R1_001,11084,PT_39_S7_L001_R1_001,Lab4,TrueSeq,NA,3
9,ref_miRNA_count,PT_39_S7_L001_R1_001,586,PT_39_S7_L001_R1_001,Lab4,TrueSeq,NA,3
0,iso_3p_mean,PT_39_S7_L001_R1_001,31.4763047391,PT_39_S7_L001_R1_001,Lab4,TrueSeq,NA,3
1,iso_5p_mean,PT_39_S7_L001_R1_001,4.05870393901,PT_39_S7_L001_R1_001,Lab4,TrueSeq,NA,3
2,iso_add_mean,PT_39_S7_L001_R1_001,31.6547033285,PT_39_S7_L001_R1_001,Lab4,TrueSeq,NA,3
3,iso_snp_mean,PT_39_S7_L001_R1_001,4.75960499923,PT_39_S7_L001_R1_001,Lab4,TrueSeq,NA,3
4,iso_snp_central_mean,PT_39_S7_L001_R1_001,1.8064516129,PT_39_S7_L001_R1_001,Lab4,TrueSeq,NA,3
5,iso_snp_central_offset_mean,PT_39_S7_L001_R1_001,1.51388888889,PT_39_S7_L001_R1_001,Lab4,TrueSeq,NA,3
6,iso_snp_central_supp_mean,PT_39_S7_L001_R1_001,1.93189368771,PT_39_S7_L001_R1_001,Lab4,TrueSeq,NA,3
7,iso_snp_seed_mean,PT_39_S7_L001_R1_001,2.40186915888,PT_39_S7_L001_R1_001,Lab4,TrueSeq,NA,3
8,isomiR_mean,PT_39_S7_L001_R1_001,21.4065319379,PT_39_S7_L001_R1_001,Lab4,TrueSeq,NA,3
9,ref_miRNA_mean,PT_39_S7_L001_R1_001,433.020477816,PT_39_S7_L001_R1_001,Lab4,TrueSeq,NA,3
0,iso_3p_sum,PT_40_S8_L001_R1_001,105661,PT_40_S8_L001_R1_001,Lab4,TrueSeq,NA,4
1,iso_5p_sum,PT_40_S8_L001_R1_001,16387,PT_40_S8_L001_R1_001,Lab4,TrueSeq,NA,4
2,iso_add_sum,PT_40_S8_L001_R1_001,114120,PT_40_S8_L001_R1_001,Lab4,TrueSeq,NA,4
3,iso_snp_sum,PT_40_S8_L001_R1_001,30196,PT_40_S8_L001_R1_001,Lab4,TrueSeq,NA,4
4,iso_snp_central_sum,PT_40_S8_L001_R1_001,502,PT_40_S8_L001_R1_001,Lab4,TrueSeq,NA,4
5,iso_snp_central_offset_sum,PT_40_S8_L001_R1_001,116,PT_40_S8_L001_R1_001,Lab4,TrueSeq,NA,4
6,iso_snp_central_supp_sum,PT_40_S8_L001_R1_001,1389,PT_40_S8_L001_R1_001,Lab4,TrueSeq,NA,4
7,iso_snp_seed_sum,PT_40_S8_L001_R1_001,505,PT_40_S8_L001_R1_001,Lab4,TrueSeq,NA,4
8,isomiR_sum,PT_40_S8_L001_R1_001,242330,PT_40_S8_L001_R1_001,Lab4,TrueSeq,NA,4
9,ref_miRNA_sum,PT_40_S8_L001_R1_001,254963,PT_40_S8_L001_R1_001,Lab4,TrueSeq,NA,4
0,iso_3p_count,PT_40_S8_L001_R1_001,3236,PT_40_S8_L001_R1_001,Lab4,TrueSeq,NA,4
1,iso_5p_count,PT_40_S8_L001_R1_001,3889,PT_40_S8_L001_R1_001,Lab4,TrueSeq,NA,4
2,iso_add_count,PT_40_S8_L001_R1_001,3500,PT_40_S8_L001_R1_001,Lab4,TrueSeq,NA,4
3,iso_snp_count,PT_40_S8_L001_R1_001,6153,PT_40_S8_L001_R1_001,Lab4,TrueSeq,NA,4
4,iso_snp_central_count,PT_40_S8_L001_R1_001,290,PT_40_S8_L001_R1_001,Lab4,TrueSeq,NA,4
5,iso_snp_central_offset_count,PT_40_S8_L001_R1_001,75,PT_40_S8_L001_R1_001,Lab4,TrueSeq,NA,4
6,iso_snp_central_supp_count,PT_40_S8_L001_R1_001,559,PT_40_S8_L001_R1_001,Lab4,TrueSeq,NA,4
7,iso_snp_seed_count,PT_40_S8_L001_R1_001,207,PT_40_S8_L001_R1_001,Lab4,TrueSeq,NA,4
8,isomiR_count,PT_40_S8_L001_R1_001,10612,PT_40_S8_L001_R1_001,Lab4,TrueSeq,NA,4
9,ref_miRNA_count,PT_40_S8_L001_R1_001,579,PT_40_S8_L001_R1_001,Lab4,TrueSeq,NA,4
0,iso_3p_mean,PT_40_S8_L001_R1_001,32.6517305315,PT_40_S8_L001_R1_001,Lab4,TrueSeq,NA,4
1,iso_5p_mean,PT_40_S8_L001_R1_001,4.21367960915,PT_40_S8_L001_R1_001,Lab4,TrueSeq,NA,4
2,iso_add_mean,PT_40_S8_L001_R1_001,32.6057142857,PT_40_S8_L001_R1_001,Lab4,TrueSeq,NA,4
3,iso_snp_mean,PT_40_S8_L001_R1_001,4.90752478466,PT_40_S8_L001_R1_001,Lab4,TrueSeq,NA,4
4,iso_snp_central_mean,PT_40_S8_L001_R1_001,1.73103448276,PT_40_S8_L001_R1_001,Lab4,TrueSeq,NA,4
5,iso_snp_central_offset_mean,PT_40_S8_L001_R1_001,1.54666666667,PT_40_S8_L001_R1_001,Lab4,TrueSeq,NA,4
6,iso_snp_central_supp_mean,PT_40_S8_L001_R1_001,2.48479427549,PT_40_S8_L001_R1_001,Lab4,TrueSeq,NA,4
7,iso_snp_seed_mean,PT_40_S8_L001_R1_001,2.43961352657,PT_40_S8_L001_R1_001,Lab4,TrueSeq,NA,4
8,isomiR_mean,PT_40_S8_L001_R1_001,22.8354692801,PT_40_S8_L001_R1_001,Lab4,TrueSeq,NA,4
9,ref_miRNA_mean,PT_40_S8_L001_R1_001,440.350604491,PT_40_S8_L001_R1_001,Lab4,TrueSeq,NA,4
0,iso_3p_sum,Plas_N13_S13_L008_R1_001,61330,Plas_N13_S13_L008_R1_001,Lab4,NEBNext,NA,1
1,iso_5p_sum,Plas_N13_S13_L008_R1_001,7901,Plas_N13_S13_L008_R1_001,Lab4,NEBNext,NA,1
2,iso_add_sum,Plas_N13_S13_L008_R1_001,44169,Plas_N13_S13_L008_R1_001,Lab4,NEBNext,NA,1
3,iso_snp_sum,Plas_N13_S13_L008_R1_001,23727,Plas_N13_S13_L008_R1_001,Lab4,NEBNext,NA,1
4,iso_snp_central_sum,Plas_N13_S13_L008_R1_001,1060,Plas_N13_S13_L008_R1_001,Lab4,NEBNext,NA,1
5,iso_snp_central_offset_sum,Plas_N13_S13_L008_R1_001,450,Plas_N13_S13_L008_R1_001,Lab4,NEBNext,NA,1
6,iso_snp_central_supp_sum,Plas_N13_S13_L008_R1_001,1704,Plas_N13_S13_L008_R1_001,Lab4,NEBNext,NA,1
7,iso_snp_seed_sum,Plas_N13_S13_L008_R1_001,826,Plas_N13_S13_L008_R1_001,Lab4,NEBNext,NA,1
8,isomiR_sum,Plas_N13_S13_L008_R1_001,123753,Plas_N13_S13_L008_R1_001,Lab4,NEBNext,NA,1
9,ref_miRNA_sum,Plas_N13_S13_L008_R1_001,90339,Plas_N13_S13_L008_R1_001,Lab4,NEBNext,NA,1
0,iso_3p_count,Plas_N13_S13_L008_R1_001,3876,Plas_N13_S13_L008_R1_001,Lab4,NEBNext,NA,1
1,iso_5p_count,Plas_N13_S13_L008_R1_001,2317,Plas_N13_S13_L008_R1_001,Lab4,NEBNext,NA,1
2,iso_add_count,Plas_N13_S13_L008_R1_001,4078,Plas_N13_S13_L008_R1_001,Lab4,NEBNext,NA,1
3,iso_snp_count,Plas_N13_S13_L008_R1_001,6609,Plas_N13_S13_L008_R1_001,Lab4,NEBNext,NA,1
4,iso_snp_central_count,Plas_N13_S13_L008_R1_001,486,Plas_N13_S13_L008_R1_001,Lab4,NEBNext,NA,1
5,iso_snp_central_offset_count,Plas_N13_S13_L008_R1_001,144,Plas_N13_S13_L008_R1_001,Lab4,NEBNext,NA,1
6,iso_snp_central_supp_count,Plas_N13_S13_L008_R1_001,760,Plas_N13_S13_L008_R1_001,Lab4,NEBNext,NA,1
7,iso_snp_seed_count,Plas_N13_S13_L008_R1_001,318,Plas_N13_S13_L008_R1_001,Lab4,NEBNext,NA,1
8,isomiR_count,Plas_N13_S13_L008_R1_001,11180,Plas_N13_S13_L008_R1_001,Lab4,NEBNext,NA,1
9,ref_miRNA_count,Plas_N13_S13_L008_R1_001,344,Plas_N13_S13_L008_R1_001,Lab4,NEBNext,NA,1
0,iso_3p_mean,Plas_N13_S13_L008_R1_001,15.8230134159,Plas_N13_S13_L008_R1_001,Lab4,NEBNext,NA,1
1,iso_5p_mean,Plas_N13_S13_L008_R1_001,3.41001294778,Plas_N13_S13_L008_R1_001,Lab4,NEBNext,NA,1
2,iso_add_mean,Plas_N13_S13_L008_R1_001,10.8310446297,Plas_N13_S13_L008_R1_001,Lab4,NEBNext,NA,1
3,iso_snp_mean,Plas_N13_S13_L008_R1_001,3.59010440309,Plas_N13_S13_L008_R1_001,Lab4,NEBNext,NA,1
4,iso_snp_central_mean,Plas_N13_S13_L008_R1_001,2.18106995885,Plas_N13_S13_L008_R1_001,Lab4,NEBNext,NA,1
5,iso_snp_central_offset_mean,Plas_N13_S13_L008_R1_001,3.125,Plas_N13_S13_L008_R1_001,Lab4,NEBNext,NA,1
6,iso_snp_central_supp_mean,Plas_N13_S13_L008_R1_001,2.24210526316,Plas_N13_S13_L008_R1_001,Lab4,NEBNext,NA,1
7,iso_snp_seed_mean,Plas_N13_S13_L008_R1_001,2.59748427673,Plas_N13_S13_L008_R1_001,Lab4,NEBNext,NA,1
8,isomiR_mean,Plas_N13_S13_L008_R1_001,11.0691413238,Plas_N13_S13_L008_R1_001,Lab4,NEBNext,NA,1
9,ref_miRNA_mean,Plas_N13_S13_L008_R1_001,262.613372093,Plas_N13_S13_L008_R1_001,Lab4,NEBNext,NA,1
0,iso_3p_sum,Plas_N14_S14_L008_R1_001,61236,Plas_N14_S14_L008_R1_001,Lab4,NEBNext,NA,2
1,iso_5p_sum,Plas_N14_S14_L008_R1_001,7836,Plas_N14_S14_L008_R1_001,Lab4,NEBNext,NA,2
2,iso_add_sum,Plas_N14_S14_L008_R1_001,45774,Plas_N14_S14_L008_R1_001,Lab4,NEBNext,NA,2
3,iso_snp_sum,Plas_N14_S14_L008_R1_001,23618,Plas_N14_S14_L008_R1_001,Lab4,NEBNext,NA,2
4,iso_snp_central_sum,Plas_N14_S14_L008_R1_001,1095,Plas_N14_S14_L008_R1_001,Lab4,NEBNext,NA,2
5,iso_snp_central_offset_sum,Plas_N14_S14_L008_R1_001,415,Plas_N14_S14_L008_R1_001,Lab4,NEBNext,NA,2
6,iso_snp_central_supp_sum,Plas_N14_S14_L008_R1_001,1654,Plas_N14_S14_L008_R1_001,Lab4,NEBNext,NA,2
7,iso_snp_seed_sum,Plas_N14_S14_L008_R1_001,839,Plas_N14_S14_L008_R1_001,Lab4,NEBNext,NA,2
8,isomiR_sum,Plas_N14_S14_L008_R1_001,125081,Plas_N14_S14_L008_R1_001,Lab4,NEBNext,NA,2
9,ref_miRNA_sum,Plas_N14_S14_L008_R1_001,90550,Plas_N14_S14_L008_R1_001,Lab4,NEBNext,NA,2
0,iso_3p_count,Plas_N14_S14_L008_R1_001,3759,Plas_N14_S14_L008_R1_001,Lab4,NEBNext,NA,2
1,iso_5p_count,Plas_N14_S14_L008_R1_001,2253,Plas_N14_S14_L008_R1_001,Lab4,NEBNext,NA,2
2,iso_add_count,Plas_N14_S14_L008_R1_001,4249,Plas_N14_S14_L008_R1_001,Lab4,NEBNext,NA,2
3,iso_snp_count,Plas_N14_S14_L008_R1_001,6487,Plas_N14_S14_L008_R1_001,Lab4,NEBNext,NA,2
4,iso_snp_central_count,Plas_N14_S14_L008_R1_001,504,Plas_N14_S14_L008_R1_001,Lab4,NEBNext,NA,2
5,iso_snp_central_offset_count,Plas_N14_S14_L008_R1_001,148,Plas_N14_S14_L008_R1_001,Lab4,NEBNext,NA,2
6,iso_snp_central_supp_count,Plas_N14_S14_L008_R1_001,721,Plas_N14_S14_L008_R1_001,Lab4,NEBNext,NA,2
7,iso_snp_seed_count,Plas_N14_S14_L008_R1_001,299,Plas_N14_S14_L008_R1_001,Lab4,NEBNext,NA,2
8,isomiR_count,Plas_N14_S14_L008_R1_001,11054,Plas_N14_S14_L008_R1_001,Lab4,NEBNext,NA,2
9,ref_miRNA_count,Plas_N14_S14_L008_R1_001,362,Plas_N14_S14_L008_R1_001,Lab4,NEBNext,NA,2
0,iso_3p_mean,Plas_N14_S14_L008_R1_001,16.2905027933,Plas_N14_S14_L008_R1_001,Lab4,NEBNext,NA,2
1,iso_5p_mean,Plas_N14_S14_L008_R1_001,3.47802929427,Plas_N14_S14_L008_R1_001,Lab4,NEBNext,NA,2
2,iso_add_mean,Plas_N14_S14_L008_R1_001,10.7728877383,Plas_N14_S14_L008_R1_001,Lab4,NEBNext,NA,2
3,iso_snp_mean,Plas_N14_S14_L008_R1_001,3.64082010174,Plas_N14_S14_L008_R1_001,Lab4,NEBNext,NA,2
4,iso_snp_central_mean,Plas_N14_S14_L008_R1_001,2.17261904762,Plas_N14_S14_L008_R1_001,Lab4,NEBNext,NA,2
5,iso_snp_central_offset_mean,Plas_N14_S14_L008_R1_001,2.80405405405,Plas_N14_S14_L008_R1_001,Lab4,NEBNext,NA,2
6,iso_snp_central_supp_mean,Plas_N14_S14_L008_R1_001,2.29403606103,Plas_N14_S14_L008_R1_001,Lab4,NEBNext,NA,2
7,iso_snp_seed_mean,Plas_N14_S14_L008_R1_001,2.80602006689,Plas_N14_S14_L008_R1_001,Lab4,NEBNext,NA,2
8,isomiR_mean,Plas_N14_S14_L008_R1_001,11.3154514203,Plas_N14_S14_L008_R1_001,Lab4,NEBNext,NA,2
9,ref_miRNA_mean,Plas_N14_S14_L008_R1_001,250.138121547,Plas_N14_S14_L008_R1_001,Lab4,NEBNext,NA,2
0,iso_3p_sum,Plas_N15_S15_L008_R1_001,62954,Plas_N15_S15_L008_R1_001,Lab4,NEBNext,NA,3
1,iso_5p_sum,Plas_N15_S15_L008_R1_001,8373,Plas_N15_S15_L008_R1_001,Lab4,NEBNext,NA,3
2,iso_add_sum,Plas_N15_S15_L008_R1_001,45522,Plas_N15_S15_L008_R1_001,Lab4,NEBNext,NA,3
3,iso_snp_sum,Plas_N15_S15_L008_R1_001,24597,Plas_N15_S15_L008_R1_001,Lab4,NEBNext,NA,3
4,iso_snp_central_sum,Plas_N15_S15_L008_R1_001,1095,Plas_N15_S15_L008_R1_001,Lab4,NEBNext,NA,3
5,iso_snp_central_offset_sum,Plas_N15_S15_L008_R1_001,434,Plas_N15_S15_L008_R1_001,Lab4,NEBNext,NA,3
6,iso_snp_central_supp_sum,Plas_N15_S15_L008_R1_001,1759,Plas_N15_S15_L008_R1_001,Lab4,NEBNext,NA,3
7,iso_snp_seed_sum,Plas_N15_S15_L008_R1_001,907,Plas_N15_S15_L008_R1_001,Lab4,NEBNext,NA,3
8,isomiR_sum,Plas_N15_S15_L008_R1_001,127538,Plas_N15_S15_L008_R1_001,Lab4,NEBNext,NA,3
9,ref_miRNA_sum,Plas_N15_S15_L008_R1_001,95757,Plas_N15_S15_L008_R1_001,Lab4,NEBNext,NA,3
0,iso_3p_count,Plas_N15_S15_L008_R1_001,3892,Plas_N15_S15_L008_R1_001,Lab4,NEBNext,NA,3
1,iso_5p_count,Plas_N15_S15_L008_R1_001,2460,Plas_N15_S15_L008_R1_001,Lab4,NEBNext,NA,3
2,iso_add_count,Plas_N15_S15_L008_R1_001,4317,Plas_N15_S15_L008_R1_001,Lab4,NEBNext,NA,3
3,iso_snp_count,Plas_N15_S15_L008_R1_001,7023,Plas_N15_S15_L008_R1_001,Lab4,NEBNext,NA,3
4,iso_snp_central_count,Plas_N15_S15_L008_R1_001,514,Plas_N15_S15_L008_R1_001,Lab4,NEBNext,NA,3
5,iso_snp_central_offset_count,Plas_N15_S15_L008_R1_001,137,Plas_N15_S15_L008_R1_001,Lab4,NEBNext,NA,3
6,iso_snp_central_supp_count,Plas_N15_S15_L008_R1_001,766,Plas_N15_S15_L008_R1_001,Lab4,NEBNext,NA,3
7,iso_snp_seed_count,Plas_N15_S15_L008_R1_001,320,Plas_N15_S15_L008_R1_001,Lab4,NEBNext,NA,3
8,isomiR_count,Plas_N15_S15_L008_R1_001,11670,Plas_N15_S15_L008_R1_001,Lab4,NEBNext,NA,3
9,ref_miRNA_count,Plas_N15_S15_L008_R1_001,353,Plas_N15_S15_L008_R1_001,Lab4,NEBNext,NA,3
0,iso_3p_mean,Plas_N15_S15_L008_R1_001,16.1752312436,Plas_N15_S15_L008_R1_001,Lab4,NEBNext,NA,3
1,iso_5p_mean,Plas_N15_S15_L008_R1_001,3.40365853659,Plas_N15_S15_L008_R1_001,Lab4,NEBNext,NA,3
2,iso_add_mean,Plas_N15_S15_L008_R1_001,10.5448227936,Plas_N15_S15_L008_R1_001,Lab4,NEBNext,NA,3
3,iso_snp_mean,Plas_N15_S15_L008_R1_001,3.50234942332,Plas_N15_S15_L008_R1_001,Lab4,NEBNext,NA,3
4,iso_snp_central_mean,Plas_N15_S15_L008_R1_001,2.13035019455,Plas_N15_S15_L008_R1_001,Lab4,NEBNext,NA,3
5,iso_snp_central_offset_mean,Plas_N15_S15_L008_R1_001,3.16788321168,Plas_N15_S15_L008_R1_001,Lab4,NEBNext,NA,3
6,iso_snp_central_supp_mean,Plas_N15_S15_L008_R1_001,2.29634464752,Plas_N15_S15_L008_R1_001,Lab4,NEBNext,NA,3
7,iso_snp_seed_mean,Plas_N15_S15_L008_R1_001,2.834375,Plas_N15_S15_L008_R1_001,Lab4,NEBNext,NA,3
8,isomiR_mean,Plas_N15_S15_L008_R1_001,10.928706084,Plas_N15_S15_L008_R1_001,Lab4,NEBNext,NA,3
9,ref_miRNA_mean,Plas_N15_S15_L008_R1_001,271.266288952,Plas_N15_S15_L008_R1_001,Lab4,NEBNext,NA,3
0,iso_3p_sum,Plas_N16_S16_L008_R1_001,44703,Plas_N16_S16_L008_R1_001,Lab4,NEBNext,NA,4
1,iso_5p_sum,Plas_N16_S16_L008_R1_001,6181,Plas_N16_S16_L008_R1_001,Lab4,NEBNext,NA,4
2,iso_add_sum,Plas_N16_S16_L008_R1_001,33368,Plas_N16_S16_L008_R1_001,Lab4,NEBNext,NA,4
3,iso_snp_sum,Plas_N16_S16_L008_R1_001,16694,Plas_N16_S16_L008_R1_001,Lab4,NEBNext,NA,4
4,iso_snp_central_sum,Plas_N16_S16_L008_R1_001,769,Plas_N16_S16_L008_R1_001,Lab4,NEBNext,NA,4
5,iso_snp_central_offset_sum,Plas_N16_S16_L008_R1_001,289,Plas_N16_S16_L008_R1_001,Lab4,NEBNext,NA,4
6,iso_snp_central_supp_sum,Plas_N16_S16_L008_R1_001,1285,Plas_N16_S16_L008_R1_001,Lab4,NEBNext,NA,4
7,iso_snp_seed_sum,Plas_N16_S16_L008_R1_001,612,Plas_N16_S16_L008_R1_001,Lab4,NEBNext,NA,4
8,isomiR_sum,Plas_N16_S16_L008_R1_001,91058,Plas_N16_S16_L008_R1_001,Lab4,NEBNext,NA,4
9,ref_miRNA_sum,Plas_N16_S16_L008_R1_001,69065,Plas_N16_S16_L008_R1_001,Lab4,NEBNext,NA,4
0,iso_3p_count,Plas_N16_S16_L008_R1_001,3024,Plas_N16_S16_L008_R1_001,Lab4,NEBNext,NA,4
1,iso_5p_count,Plas_N16_S16_L008_R1_001,1800,Plas_N16_S16_L008_R1_001,Lab4,NEBNext,NA,4
2,iso_add_count,Plas_N16_S16_L008_R1_001,3297,Plas_N16_S16_L008_R1_001,Lab4,NEBNext,NA,4
3,iso_snp_count,Plas_N16_S16_L008_R1_001,5098,Plas_N16_S16_L008_R1_001,Lab4,NEBNext,NA,4
4,iso_snp_central_count,Plas_N16_S16_L008_R1_001,393,Plas_N16_S16_L008_R1_001,Lab4,NEBNext,NA,4
5,iso_snp_central_offset_count,Plas_N16_S16_L008_R1_001,111,Plas_N16_S16_L008_R1_001,Lab4,NEBNext,NA,4
6,iso_snp_central_supp_count,Plas_N16_S16_L008_R1_001,585,Plas_N16_S16_L008_R1_001,Lab4,NEBNext,NA,4
7,iso_snp_seed_count,Plas_N16_S16_L008_R1_001,242,Plas_N16_S16_L008_R1_001,Lab4,NEBNext,NA,4
8,isomiR_count,Plas_N16_S16_L008_R1_001,8793,Plas_N16_S16_L008_R1_001,Lab4,NEBNext,NA,4
9,ref_miRNA_count,Plas_N16_S16_L008_R1_001,312,Plas_N16_S16_L008_R1_001,Lab4,NEBNext,NA,4
0,iso_3p_mean,Plas_N16_S16_L008_R1_001,14.7827380952,Plas_N16_S16_L008_R1_001,Lab4,NEBNext,NA,4
1,iso_5p_mean,Plas_N16_S16_L008_R1_001,3.43388888889,Plas_N16_S16_L008_R1_001,Lab4,NEBNext,NA,4
2,iso_add_mean,Plas_N16_S16_L008_R1_001,10.1207158022,Plas_N16_S16_L008_R1_001,Lab4,NEBNext,NA,4
3,iso_snp_mean,Plas_N16_S16_L008_R1_001,3.27461749706,Plas_N16_S16_L008_R1_001,Lab4,NEBNext,NA,4
4,iso_snp_central_mean,Plas_N16_S16_L008_R1_001,1.95674300254,Plas_N16_S16_L008_R1_001,Lab4,NEBNext,NA,4
5,iso_snp_central_offset_mean,Plas_N16_S16_L008_R1_001,2.6036036036,Plas_N16_S16_L008_R1_001,Lab4,NEBNext,NA,4
6,iso_snp_central_supp_mean,Plas_N16_S16_L008_R1_001,2.19658119658,Plas_N16_S16_L008_R1_001,Lab4,NEBNext,NA,4
7,iso_snp_seed_mean,Plas_N16_S16_L008_R1_001,2.52892561983,Plas_N16_S16_L008_R1_001,Lab4,NEBNext,NA,4
8,isomiR_mean,Plas_N16_S16_L008_R1_001,10.3557375185,Plas_N16_S16_L008_R1_001,Lab4,NEBNext,NA,4
9,ref_miRNA_mean,Plas_N16_S16_L008_R1_001,221.362179487,Plas_N16_S16_L008_R1_001,Lab4,NEBNext,NA,4
0,iso_3p_sum,PlasmaMP-TruSeq-1,372414,PlasmaMP-TruSeq-1,Lab2,TrueSeq,NA,1
1,iso_5p_sum,PlasmaMP-TruSeq-1,48659,PlasmaMP-TruSeq-1,Lab2,TrueSeq,NA,1
2,iso_add_sum,PlasmaMP-TruSeq-1,290880,PlasmaMP-TruSeq-1,Lab2,TrueSeq,NA,1
3,iso_snp_sum,PlasmaMP-TruSeq-1,76408,PlasmaMP-TruSeq-1,Lab2,TrueSeq,NA,1
4,iso_snp_central_sum,PlasmaMP-TruSeq-1,2103,PlasmaMP-TruSeq-1,Lab2,TrueSeq,NA,1
5,iso_snp_central_offset_sum,PlasmaMP-TruSeq-1,485,PlasmaMP-TruSeq-1,Lab2,TrueSeq,NA,1
6,iso_snp_central_supp_sum,PlasmaMP-TruSeq-1,4078,PlasmaMP-TruSeq-1,Lab2,TrueSeq,NA,1
7,iso_snp_seed_sum,PlasmaMP-TruSeq-1,3233,PlasmaMP-TruSeq-1,Lab2,TrueSeq,NA,1
8,isomiR_sum,PlasmaMP-TruSeq-1,718011,PlasmaMP-TruSeq-1,Lab2,TrueSeq,NA,1
9,ref_miRNA_sum,PlasmaMP-TruSeq-1,652914,PlasmaMP-TruSeq-1,Lab2,TrueSeq,NA,1
0,iso_3p_count,PlasmaMP-TruSeq-1,7306,PlasmaMP-TruSeq-1,Lab2,TrueSeq,NA,1
1,iso_5p_count,PlasmaMP-TruSeq-1,7191,PlasmaMP-TruSeq-1,Lab2,TrueSeq,NA,1
2,iso_add_count,PlasmaMP-TruSeq-1,7612,PlasmaMP-TruSeq-1,Lab2,TrueSeq,NA,1
3,iso_snp_count,PlasmaMP-TruSeq-1,12516,PlasmaMP-TruSeq-1,Lab2,TrueSeq,NA,1
4,iso_snp_central_count,PlasmaMP-TruSeq-1,773,PlasmaMP-TruSeq-1,Lab2,TrueSeq,NA,1
5,iso_snp_central_offset_count,PlasmaMP-TruSeq-1,200,PlasmaMP-TruSeq-1,Lab2,TrueSeq,NA,1
6,iso_snp_central_supp_count,PlasmaMP-TruSeq-1,1353,PlasmaMP-TruSeq-1,Lab2,TrueSeq,NA,1
7,iso_snp_seed_count,PlasmaMP-TruSeq-1,716,PlasmaMP-TruSeq-1,Lab2,TrueSeq,NA,1
8,isomiR_count,PlasmaMP-TruSeq-1,19820,PlasmaMP-TruSeq-1,Lab2,TrueSeq,NA,1
9,ref_miRNA_count,PlasmaMP-TruSeq-1,544,PlasmaMP-TruSeq-1,Lab2,TrueSeq,NA,1
0,iso_3p_mean,PlasmaMP-TruSeq-1,50.9737202299,PlasmaMP-TruSeq-1,Lab2,TrueSeq,NA,1
1,iso_5p_mean,PlasmaMP-TruSeq-1,6.76665276039,PlasmaMP-TruSeq-1,Lab2,TrueSeq,NA,1
2,iso_add_mean,PlasmaMP-TruSeq-1,38.2133473463,PlasmaMP-TruSeq-1,Lab2,TrueSeq,NA,1
3,iso_snp_mean,PlasmaMP-TruSeq-1,6.10482582295,PlasmaMP-TruSeq-1,Lab2,TrueSeq,NA,1
4,iso_snp_central_mean,PlasmaMP-TruSeq-1,2.72056921087,PlasmaMP-TruSeq-1,Lab2,TrueSeq,NA,1
5,iso_snp_central_offset_mean,PlasmaMP-TruSeq-1,2.425,PlasmaMP-TruSeq-1,Lab2,TrueSeq,NA,1
6,iso_snp_central_supp_mean,PlasmaMP-TruSeq-1,3.0140428677,PlasmaMP-TruSeq-1,Lab2,TrueSeq,NA,1
7,iso_snp_seed_mean,PlasmaMP-TruSeq-1,4.51536312849,PlasmaMP-TruSeq-1,Lab2,TrueSeq,NA,1
8,isomiR_mean,PlasmaMP-TruSeq-1,36.2265893037,PlasmaMP-TruSeq-1,Lab2,TrueSeq,NA,1
9,ref_miRNA_mean,PlasmaMP-TruSeq-1,1200.20955882,PlasmaMP-TruSeq-1,Lab2,TrueSeq,NA,1
0,iso_3p_sum,PlasmaMP-TruSeq-2,363444,PlasmaMP-TruSeq-2,Lab2,TrueSeq,NA,2
1,iso_5p_sum,PlasmaMP-TruSeq-2,44816,PlasmaMP-TruSeq-2,Lab2,TrueSeq,NA,2
2,iso_add_sum,PlasmaMP-TruSeq-2,298318,PlasmaMP-TruSeq-2,Lab2,TrueSeq,NA,2
3,iso_snp_sum,PlasmaMP-TruSeq-2,75252,PlasmaMP-TruSeq-2,Lab2,TrueSeq,NA,2
4,iso_snp_central_sum,PlasmaMP-TruSeq-2,2008,PlasmaMP-TruSeq-2,Lab2,TrueSeq,NA,2
5,iso_snp_central_offset_sum,PlasmaMP-TruSeq-2,396,PlasmaMP-TruSeq-2,Lab2,TrueSeq,NA,2
6,iso_snp_central_supp_sum,PlasmaMP-TruSeq-2,4015,PlasmaMP-TruSeq-2,Lab2,TrueSeq,NA,2
7,iso_snp_seed_sum,PlasmaMP-TruSeq-2,3185,PlasmaMP-TruSeq-2,Lab2,TrueSeq,NA,2
8,isomiR_sum,PlasmaMP-TruSeq-2,717716,PlasmaMP-TruSeq-2,Lab2,TrueSeq,NA,2
9,ref_miRNA_sum,PlasmaMP-TruSeq-2,649856,PlasmaMP-TruSeq-2,Lab2,TrueSeq,NA,2
0,iso_3p_count,PlasmaMP-TruSeq-2,6837,PlasmaMP-TruSeq-2,Lab2,TrueSeq,NA,2
1,iso_5p_count,PlasmaMP-TruSeq-2,5921,PlasmaMP-TruSeq-2,Lab2,TrueSeq,NA,2
2,iso_add_count,PlasmaMP-TruSeq-2,6779,PlasmaMP-TruSeq-2,Lab2,TrueSeq,NA,2
3,iso_snp_count,PlasmaMP-TruSeq-2,11994,PlasmaMP-TruSeq-2,Lab2,TrueSeq,NA,2
4,iso_snp_central_count,PlasmaMP-TruSeq-2,769,PlasmaMP-TruSeq-2,Lab2,TrueSeq,NA,2
5,iso_snp_central_offset_count,PlasmaMP-TruSeq-2,170,PlasmaMP-TruSeq-2,Lab2,TrueSeq,NA,2
6,iso_snp_central_supp_count,PlasmaMP-TruSeq-2,1288,PlasmaMP-TruSeq-2,Lab2,TrueSeq,NA,2
7,iso_snp_seed_count,PlasmaMP-TruSeq-2,708,PlasmaMP-TruSeq-2,Lab2,TrueSeq,NA,2
8,isomiR_count,PlasmaMP-TruSeq-2,18993,PlasmaMP-TruSeq-2,Lab2,TrueSeq,NA,2
9,ref_miRNA_count,PlasmaMP-TruSeq-2,555,PlasmaMP-TruSeq-2,Lab2,TrueSeq,NA,2
0,iso_3p_mean,PlasmaMP-TruSeq-2,53.1584028082,PlasmaMP-TruSeq-2,Lab2,TrueSeq,NA,2
1,iso_5p_mean,PlasmaMP-TruSeq-2,7.56899172437,PlasmaMP-TruSeq-2,Lab2,TrueSeq,NA,2
2,iso_add_mean,PlasmaMP-TruSeq-2,44.0061956041,PlasmaMP-TruSeq-2,Lab2,TrueSeq,NA,2
3,iso_snp_mean,PlasmaMP-TruSeq-2,6.27413706853,PlasmaMP-TruSeq-2,Lab2,TrueSeq,NA,2
4,iso_snp_central_mean,PlasmaMP-TruSeq-2,2.61118335501,PlasmaMP-TruSeq-2,Lab2,TrueSeq,NA,2
5,iso_snp_central_offset_mean,PlasmaMP-TruSeq-2,2.32941176471,PlasmaMP-TruSeq-2,Lab2,TrueSeq,NA,2
6,iso_snp_central_supp_mean,PlasmaMP-TruSeq-2,3.11723602484,PlasmaMP-TruSeq-2,Lab2,TrueSeq,NA,2
7,iso_snp_seed_mean,PlasmaMP-TruSeq-2,4.49858757062,PlasmaMP-TruSeq-2,Lab2,TrueSeq,NA,2
8,isomiR_mean,PlasmaMP-TruSeq-2,37.7884483757,PlasmaMP-TruSeq-2,Lab2,TrueSeq,NA,2
9,ref_miRNA_mean,PlasmaMP-TruSeq-2,1170.91171171,PlasmaMP-TruSeq-2,Lab2,TrueSeq,NA,2
0,iso_3p_sum,PlasmaMP-TruSeq-3,312279,PlasmaMP-TruSeq-3,Lab2,TrueSeq,NA,3
1,iso_5p_sum,PlasmaMP-TruSeq-3,37477,PlasmaMP-TruSeq-3,Lab2,TrueSeq,NA,3
2,iso_add_sum,PlasmaMP-TruSeq-3,255152,PlasmaMP-TruSeq-3,Lab2,TrueSeq,NA,3
3,iso_snp_sum,PlasmaMP-TruSeq-3,62833,PlasmaMP-TruSeq-3,Lab2,TrueSeq,NA,3
4,iso_snp_central_sum,PlasmaMP-TruSeq-3,1628,PlasmaMP-TruSeq-3,Lab2,TrueSeq,NA,3
5,iso_snp_central_offset_sum,PlasmaMP-TruSeq-3,380,PlasmaMP-TruSeq-3,Lab2,TrueSeq,NA,3
6,iso_snp_central_supp_sum,PlasmaMP-TruSeq-3,3317,PlasmaMP-TruSeq-3,Lab2,TrueSeq,NA,3
7,iso_snp_seed_sum,PlasmaMP-TruSeq-3,2728,PlasmaMP-TruSeq-3,Lab2,TrueSeq,NA,3
8,isomiR_sum,PlasmaMP-TruSeq-3,613429,PlasmaMP-TruSeq-3,Lab2,TrueSeq,NA,3
9,ref_miRNA_sum,PlasmaMP-TruSeq-3,553337,PlasmaMP-TruSeq-3,Lab2,TrueSeq,NA,3
0,iso_3p_count,PlasmaMP-TruSeq-3,6311,PlasmaMP-TruSeq-3,Lab2,TrueSeq,NA,3
1,iso_5p_count,PlasmaMP-TruSeq-3,5427,PlasmaMP-TruSeq-3,Lab2,TrueSeq,NA,3
2,iso_add_count,PlasmaMP-TruSeq-3,6238,PlasmaMP-TruSeq-3,Lab2,TrueSeq,NA,3
3,iso_snp_count,PlasmaMP-TruSeq-3,10239,PlasmaMP-TruSeq-3,Lab2,TrueSeq,NA,3
4,iso_snp_central_count,PlasmaMP-TruSeq-3,673,PlasmaMP-TruSeq-3,Lab2,TrueSeq,NA,3
5,iso_snp_central_offset_count,PlasmaMP-TruSeq-3,164,PlasmaMP-TruSeq-3,Lab2,TrueSeq,NA,3
6,iso_snp_central_supp_count,PlasmaMP-TruSeq-3,1133,PlasmaMP-TruSeq-3,Lab2,TrueSeq,NA,3
7,iso_snp_seed_count,PlasmaMP-TruSeq-3,615,PlasmaMP-TruSeq-3,Lab2,TrueSeq,NA,3
8,isomiR_count,PlasmaMP-TruSeq-3,16737,PlasmaMP-TruSeq-3,Lab2,TrueSeq,NA,3
9,ref_miRNA_count,PlasmaMP-TruSeq-3,523,PlasmaMP-TruSeq-3,Lab2,TrueSeq,NA,3
0,iso_3p_mean,PlasmaMP-TruSeq-3,49.4816986215,PlasmaMP-TruSeq-3,Lab2,TrueSeq,NA,3
1,iso_5p_mean,PlasmaMP-TruSeq-3,6.90565690068,PlasmaMP-TruSeq-3,Lab2,TrueSeq,NA,3
2,iso_add_mean,PlasmaMP-TruSeq-3,40.9028534787,PlasmaMP-TruSeq-3,Lab2,TrueSeq,NA,3
3,iso_snp_mean,PlasmaMP-TruSeq-3,6.13663443696,PlasmaMP-TruSeq-3,Lab2,TrueSeq,NA,3
4,iso_snp_central_mean,PlasmaMP-TruSeq-3,2.41901931649,PlasmaMP-TruSeq-3,Lab2,TrueSeq,NA,3
5,iso_snp_central_offset_mean,PlasmaMP-TruSeq-3,2.31707317073,PlasmaMP-TruSeq-3,Lab2,TrueSeq,NA,3
6,iso_snp_central_supp_mean,PlasmaMP-TruSeq-3,2.92762577229,PlasmaMP-TruSeq-3,Lab2,TrueSeq,NA,3
7,iso_snp_seed_mean,PlasmaMP-TruSeq-3,4.43577235772,PlasmaMP-TruSeq-3,Lab2,TrueSeq,NA,3
8,isomiR_mean,PlasmaMP-TruSeq-3,36.6510724742,PlasmaMP-TruSeq-3,Lab2,TrueSeq,NA,3
9,ref_miRNA_mean,PlasmaMP-TruSeq-3,1058.00573614,PlasmaMP-TruSeq-3,Lab2,TrueSeq,NA,3
0,iso_3p_sum,PlasmaMP-TruSeq-4,353355,PlasmaMP-TruSeq-4,Lab2,TrueSeq,NA,4
1,iso_5p_sum,PlasmaMP-TruSeq-4,50592,PlasmaMP-TruSeq-4,Lab2,TrueSeq,NA,4
2,iso_add_sum,PlasmaMP-TruSeq-4,283583,PlasmaMP-TruSeq-4,Lab2,TrueSeq,NA,4
3,iso_snp_sum,PlasmaMP-TruSeq-4,77859,PlasmaMP-TruSeq-4,Lab2,TrueSeq,NA,4
4,iso_snp_central_sum,PlasmaMP-TruSeq-4,1946,PlasmaMP-TruSeq-4,Lab2,TrueSeq,NA,4
5,iso_snp_central_offset_sum,PlasmaMP-TruSeq-4,428,PlasmaMP-TruSeq-4,Lab2,TrueSeq,NA,4
6,iso_snp_central_supp_sum,PlasmaMP-TruSeq-4,4098,PlasmaMP-TruSeq-4,Lab2,TrueSeq,NA,4
7,iso_snp_seed_sum,PlasmaMP-TruSeq-4,3177,PlasmaMP-TruSeq-4,Lab2,TrueSeq,NA,4
8,isomiR_sum,PlasmaMP-TruSeq-4,688856,PlasmaMP-TruSeq-4,Lab2,TrueSeq,NA,4
9,ref_miRNA_sum,PlasmaMP-TruSeq-4,614276,PlasmaMP-TruSeq-4,Lab2,TrueSeq,NA,4
0,iso_3p_count,PlasmaMP-TruSeq-4,7077,PlasmaMP-TruSeq-4,Lab2,TrueSeq,NA,4
1,iso_5p_count,PlasmaMP-TruSeq-4,10862,PlasmaMP-TruSeq-4,Lab2,TrueSeq,NA,4
2,iso_add_count,PlasmaMP-TruSeq-4,11033,PlasmaMP-TruSeq-4,Lab2,TrueSeq,NA,4
3,iso_snp_count,PlasmaMP-TruSeq-4,15720,PlasmaMP-TruSeq-4,Lab2,TrueSeq,NA,4
4,iso_snp_central_count,PlasmaMP-TruSeq-4,733,PlasmaMP-TruSeq-4,Lab2,TrueSeq,NA,4
5,iso_snp_central_offset_count,PlasmaMP-TruSeq-4,179,PlasmaMP-TruSeq-4,Lab2,TrueSeq,NA,4
6,iso_snp_central_supp_count,PlasmaMP-TruSeq-4,1405,PlasmaMP-TruSeq-4,Lab2,TrueSeq,NA,4
7,iso_snp_seed_count,PlasmaMP-TruSeq-4,700,PlasmaMP-TruSeq-4,Lab2,TrueSeq,NA,4
8,isomiR_count,PlasmaMP-TruSeq-4,22858,PlasmaMP-TruSeq-4,Lab2,TrueSeq,NA,4
9,ref_miRNA_count,PlasmaMP-TruSeq-4,538,PlasmaMP-TruSeq-4,Lab2,TrueSeq,NA,4
0,iso_3p_mean,PlasmaMP-TruSeq-4,49.9300551081,PlasmaMP-TruSeq-4,Lab2,TrueSeq,NA,4
1,iso_5p_mean,PlasmaMP-TruSeq-4,4.65770576321,PlasmaMP-TruSeq-4,Lab2,TrueSeq,NA,4
2,iso_add_mean,PlasmaMP-TruSeq-4,25.7031632376,PlasmaMP-TruSeq-4,Lab2,TrueSeq,NA,4
3,iso_snp_mean,PlasmaMP-TruSeq-4,4.95286259542,PlasmaMP-TruSeq-4,Lab2,TrueSeq,NA,4
4,iso_snp_central_mean,PlasmaMP-TruSeq-4,2.6548431105,PlasmaMP-TruSeq-4,Lab2,TrueSeq,NA,4
5,iso_snp_central_offset_mean,PlasmaMP-TruSeq-4,2.39106145251,PlasmaMP-TruSeq-4,Lab2,TrueSeq,NA,4
6,iso_snp_central_supp_mean,PlasmaMP-TruSeq-4,2.91672597865,PlasmaMP-TruSeq-4,Lab2,TrueSeq,NA,4
7,iso_snp_seed_mean,PlasmaMP-TruSeq-4,4.53857142857,PlasmaMP-TruSeq-4,Lab2,TrueSeq,NA,4
8,isomiR_mean,PlasmaMP-TruSeq-4,30.136319888,PlasmaMP-TruSeq-4,Lab2,TrueSeq,NA,4
9,ref_miRNA_mean,PlasmaMP-TruSeq-4,1141.77695167,PlasmaMP-TruSeq-4,Lab2,TrueSeq,NA,4
0,iso_3p_sum,PlasmaTruSeq-1_63786_CCGTCC_S5_L006_R1_001,389279,PlasmaTruSeq-1_63786_CCGTCC_S5_L006_R1_001,Lab5,TrueSeq,NA,1
1,iso_5p_sum,PlasmaTruSeq-1_63786_CCGTCC_S5_L006_R1_001,47179,PlasmaTruSeq-1_63786_CCGTCC_S5_L006_R1_001,Lab5,TrueSeq,NA,1
2,iso_add_sum,PlasmaTruSeq-1_63786_CCGTCC_S5_L006_R1_001,331807,PlasmaTruSeq-1_63786_CCGTCC_S5_L006_R1_001,Lab5,TrueSeq,NA,1
3,iso_snp_sum,PlasmaTruSeq-1_63786_CCGTCC_S5_L006_R1_001,80263,PlasmaTruSeq-1_63786_CCGTCC_S5_L006_R1_001,Lab5,TrueSeq,NA,1
4,iso_snp_central_sum,PlasmaTruSeq-1_63786_CCGTCC_S5_L006_R1_001,2232,PlasmaTruSeq-1_63786_CCGTCC_S5_L006_R1_001,Lab5,TrueSeq,NA,1
5,iso_snp_central_offset_sum,PlasmaTruSeq-1_63786_CCGTCC_S5_L006_R1_001,1685,PlasmaTruSeq-1_63786_CCGTCC_S5_L006_R1_001,Lab5,TrueSeq,NA,1
6,iso_snp_central_supp_sum,PlasmaTruSeq-1_63786_CCGTCC_S5_L006_R1_001,3447,PlasmaTruSeq-1_63786_CCGTCC_S5_L006_R1_001,Lab5,TrueSeq,NA,1
7,iso_snp_seed_sum,PlasmaTruSeq-1_63786_CCGTCC_S5_L006_R1_001,3019,PlasmaTruSeq-1_63786_CCGTCC_S5_L006_R1_001,Lab5,TrueSeq,NA,1
8,isomiR_sum,PlasmaTruSeq-1_63786_CCGTCC_S5_L006_R1_001,774038,PlasmaTruSeq-1_63786_CCGTCC_S5_L006_R1_001,Lab5,TrueSeq,NA,1
9,ref_miRNA_sum,PlasmaTruSeq-1_63786_CCGTCC_S5_L006_R1_001,651709,PlasmaTruSeq-1_63786_CCGTCC_S5_L006_R1_001,Lab5,TrueSeq,NA,1
0,iso_3p_count,PlasmaTruSeq-1_63786_CCGTCC_S5_L006_R1_001,5509,PlasmaTruSeq-1_63786_CCGTCC_S5_L006_R1_001,Lab5,TrueSeq,NA,1
1,iso_5p_count,PlasmaTruSeq-1_63786_CCGTCC_S5_L006_R1_001,5297,PlasmaTruSeq-1_63786_CCGTCC_S5_L006_R1_001,Lab5,TrueSeq,NA,1
2,iso_add_count,PlasmaTruSeq-1_63786_CCGTCC_S5_L006_R1_001,5116,PlasmaTruSeq-1_63786_CCGTCC_S5_L006_R1_001,Lab5,TrueSeq,NA,1
3,iso_snp_count,PlasmaTruSeq-1_63786_CCGTCC_S5_L006_R1_001,8098,PlasmaTruSeq-1_63786_CCGTCC_S5_L006_R1_001,Lab5,TrueSeq,NA,1
4,iso_snp_central_count,PlasmaTruSeq-1_63786_CCGTCC_S5_L006_R1_001,623,PlasmaTruSeq-1_63786_CCGTCC_S5_L006_R1_001,Lab5,TrueSeq,NA,1
5,iso_snp_central_offset_count,PlasmaTruSeq-1_63786_CCGTCC_S5_L006_R1_001,203,PlasmaTruSeq-1_63786_CCGTCC_S5_L006_R1_001,Lab5,TrueSeq,NA,1
6,iso_snp_central_supp_count,PlasmaTruSeq-1_63786_CCGTCC_S5_L006_R1_001,924,PlasmaTruSeq-1_63786_CCGTCC_S5_L006_R1_001,Lab5,TrueSeq,NA,1
7,iso_snp_seed_count,PlasmaTruSeq-1_63786_CCGTCC_S5_L006_R1_001,396,PlasmaTruSeq-1_63786_CCGTCC_S5_L006_R1_001,Lab5,TrueSeq,NA,1
8,isomiR_count,PlasmaTruSeq-1_63786_CCGTCC_S5_L006_R1_001,13357,PlasmaTruSeq-1_63786_CCGTCC_S5_L006_R1_001,Lab5,TrueSeq,NA,1
9,ref_miRNA_count,PlasmaTruSeq-1_63786_CCGTCC_S5_L006_R1_001,351,PlasmaTruSeq-1_63786_CCGTCC_S5_L006_R1_001,Lab5,TrueSeq,NA,1
0,iso_3p_mean,PlasmaTruSeq-1_63786_CCGTCC_S5_L006_R1_001,70.6623706662,PlasmaTruSeq-1_63786_CCGTCC_S5_L006_R1_001,Lab5,TrueSeq,NA,1
1,iso_5p_mean,PlasmaTruSeq-1_63786_CCGTCC_S5_L006_R1_001,8.90673966396,PlasmaTruSeq-1_63786_CCGTCC_S5_L006_R1_001,Lab5,TrueSeq,NA,1
2,iso_add_mean,PlasmaTruSeq-1_63786_CCGTCC_S5_L006_R1_001,64.8567240031,PlasmaTruSeq-1_63786_CCGTCC_S5_L006_R1_001,Lab5,TrueSeq,NA,1
3,iso_snp_mean,PlasmaTruSeq-1_63786_CCGTCC_S5_L006_R1_001,9.91145961966,PlasmaTruSeq-1_63786_CCGTCC_S5_L006_R1_001,Lab5,TrueSeq,NA,1
4,iso_snp_central_mean,PlasmaTruSeq-1_63786_CCGTCC_S5_L006_R1_001,3.58266452648,PlasmaTruSeq-1_63786_CCGTCC_S5_L006_R1_001,Lab5,TrueSeq,NA,1
5,iso_snp_central_offset_mean,PlasmaTruSeq-1_63786_CCGTCC_S5_L006_R1_001,8.30049261084,PlasmaTruSeq-1_63786_CCGTCC_S5_L006_R1_001,Lab5,TrueSeq,NA,1
6,iso_snp_central_supp_mean,PlasmaTruSeq-1_63786_CCGTCC_S5_L006_R1_001,3.73051948052,PlasmaTruSeq-1_63786_CCGTCC_S5_L006_R1_001,Lab5,TrueSeq,NA,1
7,iso_snp_seed_mean,PlasmaTruSeq-1_63786_CCGTCC_S5_L006_R1_001,7.62373737374,PlasmaTruSeq-1_63786_CCGTCC_S5_L006_R1_001,Lab5,TrueSeq,NA,1
8,isomiR_mean,PlasmaTruSeq-1_63786_CCGTCC_S5_L006_R1_001,57.9499887699,PlasmaTruSeq-1_63786_CCGTCC_S5_L006_R1_001,Lab5,TrueSeq,NA,1
9,ref_miRNA_mean,PlasmaTruSeq-1_63786_CCGTCC_S5_L006_R1_001,1856.72079772,PlasmaTruSeq-1_63786_CCGTCC_S5_L006_R1_001,Lab5,TrueSeq,NA,1
0,iso_3p_sum,PlasmaTruSeq-2_63787_GTAGAG_S6_L006_R1_001,475514,PlasmaTruSeq-2_63787_GTAGAG_S6_L006_R1_001,Lab5,TrueSeq,NA,2
1,iso_5p_sum,PlasmaTruSeq-2_63787_GTAGAG_S6_L006_R1_001,58399,PlasmaTruSeq-2_63787_GTAGAG_S6_L006_R1_001,Lab5,TrueSeq,NA,2
2,iso_add_sum,PlasmaTruSeq-2_63787_GTAGAG_S6_L006_R1_001,404350,PlasmaTruSeq-2_63787_GTAGAG_S6_L006_R1_001,Lab5,TrueSeq,NA,2
3,iso_snp_sum,PlasmaTruSeq-2_63787_GTAGAG_S6_L006_R1_001,99700,PlasmaTruSeq-2_63787_GTAGAG_S6_L006_R1_001,Lab5,TrueSeq,NA,2
4,iso_snp_central_sum,PlasmaTruSeq-2_63787_GTAGAG_S6_L006_R1_001,2690,PlasmaTruSeq-2_63787_GTAGAG_S6_L006_R1_001,Lab5,TrueSeq,NA,2
5,iso_snp_central_offset_sum,PlasmaTruSeq-2_63787_GTAGAG_S6_L006_R1_001,1997,PlasmaTruSeq-2_63787_GTAGAG_S6_L006_R1_001,Lab5,TrueSeq,NA,2
6,iso_snp_central_supp_sum,PlasmaTruSeq-2_63787_GTAGAG_S6_L006_R1_001,3881,PlasmaTruSeq-2_63787_GTAGAG_S6_L006_R1_001,Lab5,TrueSeq,NA,2
7,iso_snp_seed_sum,PlasmaTruSeq-2_63787_GTAGAG_S6_L006_R1_001,3327,PlasmaTruSeq-2_63787_GTAGAG_S6_L006_R1_001,Lab5,TrueSeq,NA,2
8,isomiR_sum,PlasmaTruSeq-2_63787_GTAGAG_S6_L006_R1_001,945865,PlasmaTruSeq-2_63787_GTAGAG_S6_L006_R1_001,Lab5,TrueSeq,NA,2
9,ref_miRNA_sum,PlasmaTruSeq-2_63787_GTAGAG_S6_L006_R1_001,785097,PlasmaTruSeq-2_63787_GTAGAG_S6_L006_R1_001,Lab5,TrueSeq,NA,2
0,iso_3p_count,PlasmaTruSeq-2_63787_GTAGAG_S6_L006_R1_001,6149,PlasmaTruSeq-2_63787_GTAGAG_S6_L006_R1_001,Lab5,TrueSeq,NA,2
1,iso_5p_count,PlasmaTruSeq-2_63787_GTAGAG_S6_L006_R1_001,6036,PlasmaTruSeq-2_63787_GTAGAG_S6_L006_R1_001,Lab5,TrueSeq,NA,2
2,iso_add_count,PlasmaTruSeq-2_63787_GTAGAG_S6_L006_R1_001,5774,PlasmaTruSeq-2_63787_GTAGAG_S6_L006_R1_001,Lab5,TrueSeq,NA,2
3,iso_snp_count,PlasmaTruSeq-2_63787_GTAGAG_S6_L006_R1_001,9200,PlasmaTruSeq-2_63787_GTAGAG_S6_L006_R1_001,Lab5,TrueSeq,NA,2
4,iso_snp_central_count,PlasmaTruSeq-2_63787_GTAGAG_S6_L006_R1_001,687,PlasmaTruSeq-2_63787_GTAGAG_S6_L006_R1_001,Lab5,TrueSeq,NA,2
5,iso_snp_central_offset_count,PlasmaTruSeq-2_63787_GTAGAG_S6_L006_R1_001,232,PlasmaTruSeq-2_63787_GTAGAG_S6_L006_R1_001,Lab5,TrueSeq,NA,2
6,iso_snp_central_supp_count,PlasmaTruSeq-2_63787_GTAGAG_S6_L006_R1_001,1035,PlasmaTruSeq-2_63787_GTAGAG_S6_L006_R1_001,Lab5,TrueSeq,NA,2
7,iso_snp_seed_count,PlasmaTruSeq-2_63787_GTAGAG_S6_L006_R1_001,436,PlasmaTruSeq-2_63787_GTAGAG_S6_L006_R1_001,Lab5,TrueSeq,NA,2
8,isomiR_count,PlasmaTruSeq-2_63787_GTAGAG_S6_L006_R1_001,14921,PlasmaTruSeq-2_63787_GTAGAG_S6_L006_R1_001,Lab5,TrueSeq,NA,2
9,ref_miRNA_count,PlasmaTruSeq-2_63787_GTAGAG_S6_L006_R1_001,357,PlasmaTruSeq-2_63787_GTAGAG_S6_L006_R1_001,Lab5,TrueSeq,NA,2
0,iso_3p_mean,PlasmaTruSeq-2_63787_GTAGAG_S6_L006_R1_001,77.3319238901,PlasmaTruSeq-2_63787_GTAGAG_S6_L006_R1_001,Lab5,TrueSeq,NA,2
1,iso_5p_mean,PlasmaTruSeq-2_63787_GTAGAG_S6_L006_R1_001,9.67511597084,PlasmaTruSeq-2_63787_GTAGAG_S6_L006_R1_001,Lab5,TrueSeq,NA,2
2,iso_add_mean,PlasmaTruSeq-2_63787_GTAGAG_S6_L006_R1_001,70.0294423277,PlasmaTruSeq-2_63787_GTAGAG_S6_L006_R1_001,Lab5,TrueSeq,NA,2
3,iso_snp_mean,PlasmaTruSeq-2_63787_GTAGAG_S6_L006_R1_001,10.8369565217,PlasmaTruSeq-2_63787_GTAGAG_S6_L006_R1_001,Lab5,TrueSeq,NA,2
4,iso_snp_central_mean,PlasmaTruSeq-2_63787_GTAGAG_S6_L006_R1_001,3.91557496361,PlasmaTruSeq-2_63787_GTAGAG_S6_L006_R1_001,Lab5,TrueSeq,NA,2
5,iso_snp_central_offset_mean,PlasmaTruSeq-2_63787_GTAGAG_S6_L006_R1_001,8.60775862069,PlasmaTruSeq-2_63787_GTAGAG_S6_L006_R1_001,Lab5,TrueSeq,NA,2
6,iso_snp_central_supp_mean,PlasmaTruSeq-2_63787_GTAGAG_S6_L006_R1_001,3.74975845411,PlasmaTruSeq-2_63787_GTAGAG_S6_L006_R1_001,Lab5,TrueSeq,NA,2
7,iso_snp_seed_mean,PlasmaTruSeq-2_63787_GTAGAG_S6_L006_R1_001,7.63073394495,PlasmaTruSeq-2_63787_GTAGAG_S6_L006_R1_001,Lab5,TrueSeq,NA,2
8,isomiR_mean,PlasmaTruSeq-2_63787_GTAGAG_S6_L006_R1_001,63.3915287179,PlasmaTruSeq-2_63787_GTAGAG_S6_L006_R1_001,Lab5,TrueSeq,NA,2
9,ref_miRNA_mean,PlasmaTruSeq-2_63787_GTAGAG_S6_L006_R1_001,2199.1512605,PlasmaTruSeq-2_63787_GTAGAG_S6_L006_R1_001,Lab5,TrueSeq,NA,2
0,iso_3p_sum,PlasmaTruSeq-3_63788_GTCCGC_S7_L006_R1_001,457507,PlasmaTruSeq-3_63788_GTCCGC_S7_L006_R1_001,Lab5,TrueSeq,NA,3
1,iso_5p_sum,PlasmaTruSeq-3_63788_GTCCGC_S7_L006_R1_001,56021,PlasmaTruSeq-3_63788_GTCCGC_S7_L006_R1_001,Lab5,TrueSeq,NA,3
2,iso_add_sum,PlasmaTruSeq-3_63788_GTCCGC_S7_L006_R1_001,390647,PlasmaTruSeq-3_63788_GTCCGC_S7_L006_R1_001,Lab5,TrueSeq,NA,3
3,iso_snp_sum,PlasmaTruSeq-3_63788_GTCCGC_S7_L006_R1_001,95143,PlasmaTruSeq-3_63788_GTCCGC_S7_L006_R1_001,Lab5,TrueSeq,NA,3
4,iso_snp_central_sum,PlasmaTruSeq-3_63788_GTCCGC_S7_L006_R1_001,2616,PlasmaTruSeq-3_63788_GTCCGC_S7_L006_R1_001,Lab5,TrueSeq,NA,3
5,iso_snp_central_offset_sum,PlasmaTruSeq-3_63788_GTCCGC_S7_L006_R1_001,1917,PlasmaTruSeq-3_63788_GTCCGC_S7_L006_R1_001,Lab5,TrueSeq,NA,3
6,iso_snp_central_supp_sum,PlasmaTruSeq-3_63788_GTCCGC_S7_L006_R1_001,3958,PlasmaTruSeq-3_63788_GTCCGC_S7_L006_R1_001,Lab5,TrueSeq,NA,3
7,iso_snp_seed_sum,PlasmaTruSeq-3_63788_GTCCGC_S7_L006_R1_001,3511,PlasmaTruSeq-3_63788_GTCCGC_S7_L006_R1_001,Lab5,TrueSeq,NA,3
8,isomiR_sum,PlasmaTruSeq-3_63788_GTCCGC_S7_L006_R1_001,911345,PlasmaTruSeq-3_63788_GTCCGC_S7_L006_R1_001,Lab5,TrueSeq,NA,3
9,ref_miRNA_sum,PlasmaTruSeq-3_63788_GTCCGC_S7_L006_R1_001,767310,PlasmaTruSeq-3_63788_GTCCGC_S7_L006_R1_001,Lab5,TrueSeq,NA,3
0,iso_3p_count,PlasmaTruSeq-3_63788_GTCCGC_S7_L006_R1_001,5930,PlasmaTruSeq-3_63788_GTCCGC_S7_L006_R1_001,Lab5,TrueSeq,NA,3
1,iso_5p_count,PlasmaTruSeq-3_63788_GTCCGC_S7_L006_R1_001,5843,PlasmaTruSeq-3_63788_GTCCGC_S7_L006_R1_001,Lab5,TrueSeq,NA,3
2,iso_add_count,PlasmaTruSeq-3_63788_GTCCGC_S7_L006_R1_001,5677,PlasmaTruSeq-3_63788_GTCCGC_S7_L006_R1_001,Lab5,TrueSeq,NA,3
3,iso_snp_count,PlasmaTruSeq-3_63788_GTCCGC_S7_L006_R1_001,8975,PlasmaTruSeq-3_63788_GTCCGC_S7_L006_R1_001,Lab5,TrueSeq,NA,3
4,iso_snp_central_count,PlasmaTruSeq-3_63788_GTCCGC_S7_L006_R1_001,653,PlasmaTruSeq-3_63788_GTCCGC_S7_L006_R1_001,Lab5,TrueSeq,NA,3
5,iso_snp_central_offset_count,PlasmaTruSeq-3_63788_GTCCGC_S7_L006_R1_001,213,PlasmaTruSeq-3_63788_GTCCGC_S7_L006_R1_001,Lab5,TrueSeq,NA,3
6,iso_snp_central_supp_count,PlasmaTruSeq-3_63788_GTCCGC_S7_L006_R1_001,1010,PlasmaTruSeq-3_63788_GTCCGC_S7_L006_R1_001,Lab5,TrueSeq,NA,3
7,iso_snp_seed_count,PlasmaTruSeq-3_63788_GTCCGC_S7_L006_R1_001,469,PlasmaTruSeq-3_63788_GTCCGC_S7_L006_R1_001,Lab5,TrueSeq,NA,3
8,isomiR_count,PlasmaTruSeq-3_63788_GTCCGC_S7_L006_R1_001,14575,PlasmaTruSeq-3_63788_GTCCGC_S7_L006_R1_001,Lab5,TrueSeq,NA,3
9,ref_miRNA_count,PlasmaTruSeq-3_63788_GTCCGC_S7_L006_R1_001,358,PlasmaTruSeq-3_63788_GTCCGC_S7_L006_R1_001,Lab5,TrueSeq,NA,3
0,iso_3p_mean,PlasmaTruSeq-3_63788_GTCCGC_S7_L006_R1_001,77.1512647555,PlasmaTruSeq-3_63788_GTCCGC_S7_L006_R1_001,Lab5,TrueSeq,NA,3
1,iso_5p_mean,PlasmaTruSeq-3_63788_GTCCGC_S7_L006_R1_001,9.58771179189,PlasmaTruSeq-3_63788_GTCCGC_S7_L006_R1_001,Lab5,TrueSeq,NA,3
2,iso_add_mean,PlasmaTruSeq-3_63788_GTCCGC_S7_L006_R1_001,68.8122247666,PlasmaTruSeq-3_63788_GTCCGC_S7_L006_R1_001,Lab5,TrueSeq,NA,3
3,iso_snp_mean,PlasmaTruSeq-3_63788_GTCCGC_S7_L006_R1_001,10.6008913649,PlasmaTruSeq-3_63788_GTCCGC_S7_L006_R1_001,Lab5,TrueSeq,NA,3
4,iso_snp_central_mean,PlasmaTruSeq-3_63788_GTCCGC_S7_L006_R1_001,4.00612557427,PlasmaTruSeq-3_63788_GTCCGC_S7_L006_R1_001,Lab5,TrueSeq,NA,3
5,iso_snp_central_offset_mean,PlasmaTruSeq-3_63788_GTCCGC_S7_L006_R1_001,9,PlasmaTruSeq-3_63788_GTCCGC_S7_L006_R1_001,Lab5,TrueSeq,NA,3
6,iso_snp_central_supp_mean,PlasmaTruSeq-3_63788_GTCCGC_S7_L006_R1_001,3.91881188119,PlasmaTruSeq-3_63788_GTCCGC_S7_L006_R1_001,Lab5,TrueSeq,NA,3
7,iso_snp_seed_mean,PlasmaTruSeq-3_63788_GTCCGC_S7_L006_R1_001,7.48614072495,PlasmaTruSeq-3_63788_GTCCGC_S7_L006_R1_001,Lab5,TrueSeq,NA,3
8,isomiR_mean,PlasmaTruSeq-3_63788_GTCCGC_S7_L006_R1_001,62.5279588336,PlasmaTruSeq-3_63788_GTCCGC_S7_L006_R1_001,Lab5,TrueSeq,NA,3
9,ref_miRNA_mean,PlasmaTruSeq-3_63788_GTCCGC_S7_L006_R1_001,2143.32402235,PlasmaTruSeq-3_63788_GTCCGC_S7_L006_R1_001,Lab5,TrueSeq,NA,3
0,iso_3p_sum,PlasmaTruSeq-4_63789_GTGAAA_S8_L006_R1_001,498803,PlasmaTruSeq-4_63789_GTGAAA_S8_L006_R1_001,Lab5,TrueSeq,NA,4
1,iso_5p_sum,PlasmaTruSeq-4_63789_GTGAAA_S8_L006_R1_001,57649,PlasmaTruSeq-4_63789_GTGAAA_S8_L006_R1_001,Lab5,TrueSeq,NA,4
2,iso_add_sum,PlasmaTruSeq-4_63789_GTGAAA_S8_L006_R1_001,430317,PlasmaTruSeq-4_63789_GTGAAA_S8_L006_R1_001,Lab5,TrueSeq,NA,4
3,iso_snp_sum,PlasmaTruSeq-4_63789_GTGAAA_S8_L006_R1_001,102630,PlasmaTruSeq-4_63789_GTGAAA_S8_L006_R1_001,Lab5,TrueSeq,NA,4
4,iso_snp_central_sum,PlasmaTruSeq-4_63789_GTGAAA_S8_L006_R1_001,2730,PlasmaTruSeq-4_63789_GTGAAA_S8_L006_R1_001,Lab5,TrueSeq,NA,4
5,iso_snp_central_offset_sum,PlasmaTruSeq-4_63789_GTGAAA_S8_L006_R1_001,2248,PlasmaTruSeq-4_63789_GTGAAA_S8_L006_R1_001,Lab5,TrueSeq,NA,4
6,iso_snp_central_supp_sum,PlasmaTruSeq-4_63789_GTGAAA_S8_L006_R1_001,3967,PlasmaTruSeq-4_63789_GTGAAA_S8_L006_R1_001,Lab5,TrueSeq,NA,4
7,iso_snp_seed_sum,PlasmaTruSeq-4_63789_GTGAAA_S8_L006_R1_001,3738,PlasmaTruSeq-4_63789_GTGAAA_S8_L006_R1_001,Lab5,TrueSeq,NA,4
8,isomiR_sum,PlasmaTruSeq-4_63789_GTGAAA_S8_L006_R1_001,996855,PlasmaTruSeq-4_63789_GTGAAA_S8_L006_R1_001,Lab5,TrueSeq,NA,4
9,ref_miRNA_sum,PlasmaTruSeq-4_63789_GTGAAA_S8_L006_R1_001,828790,PlasmaTruSeq-4_63789_GTGAAA_S8_L006_R1_001,Lab5,TrueSeq,NA,4
0,iso_3p_count,PlasmaTruSeq-4_63789_GTGAAA_S8_L006_R1_001,5846,PlasmaTruSeq-4_63789_GTGAAA_S8_L006_R1_001,Lab5,TrueSeq,NA,4
1,iso_5p_count,PlasmaTruSeq-4_63789_GTGAAA_S8_L006_R1_001,5530,PlasmaTruSeq-4_63789_GTGAAA_S8_L006_R1_001,Lab5,TrueSeq,NA,4
2,iso_add_count,PlasmaTruSeq-4_63789_GTGAAA_S8_L006_R1_001,5336,PlasmaTruSeq-4_63789_GTGAAA_S8_L006_R1_001,Lab5,TrueSeq,NA,4
3,iso_snp_count,PlasmaTruSeq-4_63789_GTGAAA_S8_L006_R1_001,8826,PlasmaTruSeq-4_63789_GTGAAA_S8_L006_R1_001,Lab5,TrueSeq,NA,4
4,iso_snp_central_count,PlasmaTruSeq-4_63789_GTGAAA_S8_L006_R1_001,656,PlasmaTruSeq-4_63789_GTGAAA_S8_L006_R1_001,Lab5,TrueSeq,NA,4
5,iso_snp_central_offset_count,PlasmaTruSeq-4_63789_GTGAAA_S8_L006_R1_001,222,PlasmaTruSeq-4_63789_GTGAAA_S8_L006_R1_001,Lab5,TrueSeq,NA,4
6,iso_snp_central_supp_count,PlasmaTruSeq-4_63789_GTGAAA_S8_L006_R1_001,991,PlasmaTruSeq-4_63789_GTGAAA_S8_L006_R1_001,Lab5,TrueSeq,NA,4
7,iso_snp_seed_count,PlasmaTruSeq-4_63789_GTGAAA_S8_L006_R1_001,415,PlasmaTruSeq-4_63789_GTGAAA_S8_L006_R1_001,Lab5,TrueSeq,NA,4
8,isomiR_count,PlasmaTruSeq-4_63789_GTGAAA_S8_L006_R1_001,14237,PlasmaTruSeq-4_63789_GTGAAA_S8_L006_R1_001,Lab5,TrueSeq,NA,4
9,ref_miRNA_count,PlasmaTruSeq-4_63789_GTGAAA_S8_L006_R1_001,352,PlasmaTruSeq-4_63789_GTGAAA_S8_L006_R1_001,Lab5,TrueSeq,NA,4
0,iso_3p_mean,PlasmaTruSeq-4_63789_GTGAAA_S8_L006_R1_001,85.3238111529,PlasmaTruSeq-4_63789_GTGAAA_S8_L006_R1_001,Lab5,TrueSeq,NA,4
1,iso_5p_mean,PlasmaTruSeq-4_63789_GTGAAA_S8_L006_R1_001,10.4247739602,PlasmaTruSeq-4_63789_GTGAAA_S8_L006_R1_001,Lab5,TrueSeq,NA,4
2,iso_add_mean,PlasmaTruSeq-4_63789_GTGAAA_S8_L006_R1_001,80.6441154423,PlasmaTruSeq-4_63789_GTGAAA_S8_L006_R1_001,Lab5,TrueSeq,NA,4
3,iso_snp_mean,PlasmaTruSeq-4_63789_GTGAAA_S8_L006_R1_001,11.6281441196,PlasmaTruSeq-4_63789_GTGAAA_S8_L006_R1_001,Lab5,TrueSeq,NA,4
4,iso_snp_central_mean,PlasmaTruSeq-4_63789_GTGAAA_S8_L006_R1_001,4.16158536585,PlasmaTruSeq-4_63789_GTGAAA_S8_L006_R1_001,Lab5,TrueSeq,NA,4
5,iso_snp_central_offset_mean,PlasmaTruSeq-4_63789_GTGAAA_S8_L006_R1_001,10.1261261261,PlasmaTruSeq-4_63789_GTGAAA_S8_L006_R1_001,Lab5,TrueSeq,NA,4
6,iso_snp_central_supp_mean,PlasmaTruSeq-4_63789_GTGAAA_S8_L006_R1_001,4.00302724521,PlasmaTruSeq-4_63789_GTGAAA_S8_L006_R1_001,Lab5,TrueSeq,NA,4
7,iso_snp_seed_mean,PlasmaTruSeq-4_63789_GTGAAA_S8_L006_R1_001,9.00722891566,PlasmaTruSeq-4_63789_GTGAAA_S8_L006_R1_001,Lab5,TrueSeq,NA,4
8,isomiR_mean,PlasmaTruSeq-4_63789_GTGAAA_S8_L006_R1_001,70.0186134719,PlasmaTruSeq-4_63789_GTGAAA_S8_L006_R1_001,Lab5,TrueSeq,NA,4
9,ref_miRNA_mean,PlasmaTruSeq-4_63789_GTGAAA_S8_L006_R1_001,2354.51704545,PlasmaTruSeq-4_63789_GTGAAA_S8_L006_R1_001,Lab5,TrueSeq,NA,4
0,iso_3p_sum,TruSeq_Plasma_1_S123_L008_R1_001,1378,TruSeq_Plasma_1_S123_L008_R1_001,Lab1,TrueSeq,NA,1
1,iso_5p_sum,TruSeq_Plasma_1_S123_L008_R1_001,3192,TruSeq_Plasma_1_S123_L008_R1_001,Lab1,TrueSeq,NA,1
2,iso_add_sum,TruSeq_Plasma_1_S123_L008_R1_001,1397,TruSeq_Plasma_1_S123_L008_R1_001,Lab1,TrueSeq,NA,1
3,iso_snp_sum,TruSeq_Plasma_1_S123_L008_R1_001,1409,TruSeq_Plasma_1_S123_L008_R1_001,Lab1,TrueSeq,NA,1
4,iso_snp_central_sum,TruSeq_Plasma_1_S123_L008_R1_001,80,TruSeq_Plasma_1_S123_L008_R1_001,Lab1,TrueSeq,NA,1
5,iso_snp_central_offset_sum,TruSeq_Plasma_1_S123_L008_R1_001,4,TruSeq_Plasma_1_S123_L008_R1_001,Lab1,TrueSeq,NA,1
6,iso_snp_central_supp_sum,TruSeq_Plasma_1_S123_L008_R1_001,40,TruSeq_Plasma_1_S123_L008_R1_001,Lab1,TrueSeq,NA,1
7,iso_snp_seed_sum,TruSeq_Plasma_1_S123_L008_R1_001,8,TruSeq_Plasma_1_S123_L008_R1_001,Lab1,TrueSeq,NA,1
8,isomiR_sum,TruSeq_Plasma_1_S123_L008_R1_001,4882,TruSeq_Plasma_1_S123_L008_R1_001,Lab1,TrueSeq,NA,1
9,ref_miRNA_sum,TruSeq_Plasma_1_S123_L008_R1_001,2359,TruSeq_Plasma_1_S123_L008_R1_001,Lab1,TrueSeq,NA,1
0,iso_3p_count,TruSeq_Plasma_1_S123_L008_R1_001,466,TruSeq_Plasma_1_S123_L008_R1_001,Lab1,TrueSeq,NA,1
1,iso_5p_count,TruSeq_Plasma_1_S123_L008_R1_001,1e3,TruSeq_Plasma_1_S123_L008_R1_001,Lab1,TrueSeq,NA,1
2,iso_add_count,TruSeq_Plasma_1_S123_L008_R1_001,472,TruSeq_Plasma_1_S123_L008_R1_001,Lab1,TrueSeq,NA,1
3,iso_snp_count,TruSeq_Plasma_1_S123_L008_R1_001,441,TruSeq_Plasma_1_S123_L008_R1_001,Lab1,TrueSeq,NA,1
4,iso_snp_central_count,TruSeq_Plasma_1_S123_L008_R1_001,49,TruSeq_Plasma_1_S123_L008_R1_001,Lab1,TrueSeq,NA,1
5,iso_snp_central_offset_count,TruSeq_Plasma_1_S123_L008_R1_001,3,TruSeq_Plasma_1_S123_L008_R1_001,Lab1,TrueSeq,NA,1
6,iso_snp_central_supp_count,TruSeq_Plasma_1_S123_L008_R1_001,27,TruSeq_Plasma_1_S123_L008_R1_001,Lab1,TrueSeq,NA,1
7,iso_snp_seed_count,TruSeq_Plasma_1_S123_L008_R1_001,4,TruSeq_Plasma_1_S123_L008_R1_001,Lab1,TrueSeq,NA,1
8,isomiR_count,TruSeq_Plasma_1_S123_L008_R1_001,1586,TruSeq_Plasma_1_S123_L008_R1_001,Lab1,TrueSeq,NA,1
9,ref_miRNA_count,TruSeq_Plasma_1_S123_L008_R1_001,312,TruSeq_Plasma_1_S123_L008_R1_001,Lab1,TrueSeq,NA,1
0,iso_3p_mean,TruSeq_Plasma_1_S123_L008_R1_001,2.95708154506,TruSeq_Plasma_1_S123_L008_R1_001,Lab1,TrueSeq,NA,1
1,iso_5p_mean,TruSeq_Plasma_1_S123_L008_R1_001,3.192,TruSeq_Plasma_1_S123_L008_R1_001,Lab1,TrueSeq,NA,1
2,iso_add_mean,TruSeq_Plasma_1_S123_L008_R1_001,2.95974576271,TruSeq_Plasma_1_S123_L008_R1_001,Lab1,TrueSeq,NA,1
3,iso_snp_mean,TruSeq_Plasma_1_S123_L008_R1_001,3.19501133787,TruSeq_Plasma_1_S123_L008_R1_001,Lab1,TrueSeq,NA,1
4,iso_snp_central_mean,TruSeq_Plasma_1_S123_L008_R1_001,1.63265306122,TruSeq_Plasma_1_S123_L008_R1_001,Lab1,TrueSeq,NA,1
5,iso_snp_central_offset_mean,TruSeq_Plasma_1_S123_L008_R1_001,1.33333333333,TruSeq_Plasma_1_S123_L008_R1_001,Lab1,TrueSeq,NA,1
6,iso_snp_central_supp_mean,TruSeq_Plasma_1_S123_L008_R1_001,1.48148148148,TruSeq_Plasma_1_S123_L008_R1_001,Lab1,TrueSeq,NA,1
7,iso_snp_seed_mean,TruSeq_Plasma_1_S123_L008_R1_001,2,TruSeq_Plasma_1_S123_L008_R1_001,Lab1,TrueSeq,NA,1
8,isomiR_mean,TruSeq_Plasma_1_S123_L008_R1_001,3.07818411097,TruSeq_Plasma_1_S123_L008_R1_001,Lab1,TrueSeq,NA,1
9,ref_miRNA_mean,TruSeq_Plasma_1_S123_L008_R1_001,7.5608974359,TruSeq_Plasma_1_S123_L008_R1_001,Lab1,TrueSeq,NA,1
0,iso_3p_sum,TruSeq_Plasma_2_S124_L008_R1_001,44485,TruSeq_Plasma_2_S124_L008_R1_001,Lab1,TrueSeq,NA,2
1,iso_5p_sum,TruSeq_Plasma_2_S124_L008_R1_001,479451,TruSeq_Plasma_2_S124_L008_R1_001,Lab1,TrueSeq,NA,2
2,iso_add_sum,TruSeq_Plasma_2_S124_L008_R1_001,214893,TruSeq_Plasma_2_S124_L008_R1_001,Lab1,TrueSeq,NA,2
3,iso_snp_sum,TruSeq_Plasma_2_S124_L008_R1_001,474087,TruSeq_Plasma_2_S124_L008_R1_001,Lab1,TrueSeq,NA,2
4,iso_snp_central_sum,TruSeq_Plasma_2_S124_L008_R1_001,19883,TruSeq_Plasma_2_S124_L008_R1_001,Lab1,TrueSeq,NA,2
5,iso_snp_central_offset_sum,TruSeq_Plasma_2_S124_L008_R1_001,200,TruSeq_Plasma_2_S124_L008_R1_001,Lab1,TrueSeq,NA,2
6,iso_snp_central_supp_sum,TruSeq_Plasma_2_S124_L008_R1_001,2670,TruSeq_Plasma_2_S124_L008_R1_001,Lab1,TrueSeq,NA,2
7,iso_snp_seed_sum,TruSeq_Plasma_2_S124_L008_R1_001,155,TruSeq_Plasma_2_S124_L008_R1_001,Lab1,TrueSeq,NA,2
8,isomiR_sum,TruSeq_Plasma_2_S124_L008_R1_001,547255,TruSeq_Plasma_2_S124_L008_R1_001,Lab1,TrueSeq,NA,2
9,ref_miRNA_sum,TruSeq_Plasma_2_S124_L008_R1_001,33455,TruSeq_Plasma_2_S124_L008_R1_001,Lab1,TrueSeq,NA,2
0,iso_3p_count,TruSeq_Plasma_2_S124_L008_R1_001,4066,TruSeq_Plasma_2_S124_L008_R1_001,Lab1,TrueSeq,NA,2
1,iso_5p_count,TruSeq_Plasma_2_S124_L008_R1_001,9062,TruSeq_Plasma_2_S124_L008_R1_001,Lab1,TrueSeq,NA,2
2,iso_add_count,TruSeq_Plasma_2_S124_L008_R1_001,3834,TruSeq_Plasma_2_S124_L008_R1_001,Lab1,TrueSeq,NA,2
3,iso_snp_count,TruSeq_Plasma_2_S124_L008_R1_001,7620,TruSeq_Plasma_2_S124_L008_R1_001,Lab1,TrueSeq,NA,2
4,iso_snp_central_count,TruSeq_Plasma_2_S124_L008_R1_001,761,TruSeq_Plasma_2_S124_L008_R1_001,Lab1,TrueSeq,NA,2
5,iso_snp_central_offset_count,TruSeq_Plasma_2_S124_L008_R1_001,47,TruSeq_Plasma_2_S124_L008_R1_001,Lab1,TrueSeq,NA,2
6,iso_snp_central_supp_count,TruSeq_Plasma_2_S124_L008_R1_001,756,TruSeq_Plasma_2_S124_L008_R1_001,Lab1,TrueSeq,NA,2
7,iso_snp_seed_count,TruSeq_Plasma_2_S124_L008_R1_001,89,TruSeq_Plasma_2_S124_L008_R1_001,Lab1,TrueSeq,NA,2
8,isomiR_count,TruSeq_Plasma_2_S124_L008_R1_001,12395,TruSeq_Plasma_2_S124_L008_R1_001,Lab1,TrueSeq,NA,2
9,ref_miRNA_count,TruSeq_Plasma_2_S124_L008_R1_001,501,TruSeq_Plasma_2_S124_L008_R1_001,Lab1,TrueSeq,NA,2
0,iso_3p_mean,TruSeq_Plasma_2_S124_L008_R1_001,10.9407279882,TruSeq_Plasma_2_S124_L008_R1_001,Lab1,TrueSeq,NA,2
1,iso_5p_mean,TruSeq_Plasma_2_S124_L008_R1_001,52.9078569852,TruSeq_Plasma_2_S124_L008_R1_001,Lab1,TrueSeq,NA,2
2,iso_add_mean,TruSeq_Plasma_2_S124_L008_R1_001,56.0492957746,TruSeq_Plasma_2_S124_L008_R1_001,Lab1,TrueSeq,NA,2
3,iso_snp_mean,TruSeq_Plasma_2_S124_L008_R1_001,62.2161417323,TruSeq_Plasma_2_S124_L008_R1_001,Lab1,TrueSeq,NA,2
4,iso_snp_central_mean,TruSeq_Plasma_2_S124_L008_R1_001,26.1274638633,TruSeq_Plasma_2_S124_L008_R1_001,Lab1,TrueSeq,NA,2
5,iso_snp_central_offset_mean,TruSeq_Plasma_2_S124_L008_R1_001,4.25531914894,TruSeq_Plasma_2_S124_L008_R1_001,Lab1,TrueSeq,NA,2
6,iso_snp_central_supp_mean,TruSeq_Plasma_2_S124_L008_R1_001,3.53174603175,TruSeq_Plasma_2_S124_L008_R1_001,Lab1,TrueSeq,NA,2
7,iso_snp_seed_mean,TruSeq_Plasma_2_S124_L008_R1_001,1.74157303371,TruSeq_Plasma_2_S124_L008_R1_001,Lab1,TrueSeq,NA,2
8,isomiR_mean,TruSeq_Plasma_2_S124_L008_R1_001,44.1512706737,TruSeq_Plasma_2_S124_L008_R1_001,Lab1,TrueSeq,NA,2
9,ref_miRNA_mean,TruSeq_Plasma_2_S124_L008_R1_001,66.7764471058,TruSeq_Plasma_2_S124_L008_R1_001,Lab1,TrueSeq,NA,2
0,iso_3p_sum,TruSeq_Plasma_3_S125_L008_R1_001,47531,TruSeq_Plasma_3_S125_L008_R1_001,Lab1,TrueSeq,NA,3
1,iso_5p_sum,TruSeq_Plasma_3_S125_L008_R1_001,446577,TruSeq_Plasma_3_S125_L008_R1_001,Lab1,TrueSeq,NA,3
2,iso_add_sum,TruSeq_Plasma_3_S125_L008_R1_001,185252,TruSeq_Plasma_3_S125_L008_R1_001,Lab1,TrueSeq,NA,3
3,iso_snp_sum,TruSeq_Plasma_3_S125_L008_R1_001,412008,TruSeq_Plasma_3_S125_L008_R1_001,Lab1,TrueSeq,NA,3
4,iso_snp_central_sum,TruSeq_Plasma_3_S125_L008_R1_001,19125,TruSeq_Plasma_3_S125_L008_R1_001,Lab1,TrueSeq,NA,3
5,iso_snp_central_offset_sum,TruSeq_Plasma_3_S125_L008_R1_001,210,TruSeq_Plasma_3_S125_L008_R1_001,Lab1,TrueSeq,NA,3
6,iso_snp_central_supp_sum,TruSeq_Plasma_3_S125_L008_R1_001,2587,TruSeq_Plasma_3_S125_L008_R1_001,Lab1,TrueSeq,NA,3
7,iso_snp_seed_sum,TruSeq_Plasma_3_S125_L008_R1_001,194,TruSeq_Plasma_3_S125_L008_R1_001,Lab1,TrueSeq,NA,3
8,isomiR_sum,TruSeq_Plasma_3_S125_L008_R1_001,516332,TruSeq_Plasma_3_S125_L008_R1_001,Lab1,TrueSeq,NA,3
9,ref_miRNA_sum,TruSeq_Plasma_3_S125_L008_R1_001,100727,TruSeq_Plasma_3_S125_L008_R1_001,Lab1,TrueSeq,NA,3
0,iso_3p_count,TruSeq_Plasma_3_S125_L008_R1_001,4632,TruSeq_Plasma_3_S125_L008_R1_001,Lab1,TrueSeq,NA,3
1,iso_5p_count,TruSeq_Plasma_3_S125_L008_R1_001,10168,TruSeq_Plasma_3_S125_L008_R1_001,Lab1,TrueSeq,NA,3
2,iso_add_count,TruSeq_Plasma_3_S125_L008_R1_001,3963,TruSeq_Plasma_3_S125_L008_R1_001,Lab1,TrueSeq,NA,3
3,iso_snp_count,TruSeq_Plasma_3_S125_L008_R1_001,9169,TruSeq_Plasma_3_S125_L008_R1_001,Lab1,TrueSeq,NA,3
4,iso_snp_central_count,TruSeq_Plasma_3_S125_L008_R1_001,852,TruSeq_Plasma_3_S125_L008_R1_001,Lab1,TrueSeq,NA,3
5,iso_snp_central_offset_count,TruSeq_Plasma_3_S125_L008_R1_001,67,TruSeq_Plasma_3_S125_L008_R1_001,Lab1,TrueSeq,NA,3
6,iso_snp_central_supp_count,TruSeq_Plasma_3_S125_L008_R1_001,847,TruSeq_Plasma_3_S125_L008_R1_001,Lab1,TrueSeq,NA,3
7,iso_snp_seed_count,TruSeq_Plasma_3_S125_L008_R1_001,105,TruSeq_Plasma_3_S125_L008_R1_001,Lab1,TrueSeq,NA,3
8,isomiR_count,TruSeq_Plasma_3_S125_L008_R1_001,14666,TruSeq_Plasma_3_S125_L008_R1_001,Lab1,TrueSeq,NA,3
9,ref_miRNA_count,TruSeq_Plasma_3_S125_L008_R1_001,509,TruSeq_Plasma_3_S125_L008_R1_001,Lab1,TrueSeq,NA,3
0,iso_3p_mean,TruSeq_Plasma_3_S125_L008_R1_001,10.2614421416,TruSeq_Plasma_3_S125_L008_R1_001,Lab1,TrueSeq,NA,3
1,iso_5p_mean,TruSeq_Plasma_3_S125_L008_R1_001,43.9198465775,TruSeq_Plasma_3_S125_L008_R1_001,Lab1,TrueSeq,NA,3
2,iso_add_mean,TruSeq_Plasma_3_S125_L008_R1_001,46.7453949029,TruSeq_Plasma_3_S125_L008_R1_001,Lab1,TrueSeq,NA,3
3,iso_snp_mean,TruSeq_Plasma_3_S125_L008_R1_001,44.9348893009,TruSeq_Plasma_3_S125_L008_R1_001,Lab1,TrueSeq,NA,3
4,iso_snp_central_mean,TruSeq_Plasma_3_S125_L008_R1_001,22.4471830986,TruSeq_Plasma_3_S125_L008_R1_001,Lab1,TrueSeq,NA,3
5,iso_snp_central_offset_mean,TruSeq_Plasma_3_S125_L008_R1_001,3.13432835821,TruSeq_Plasma_3_S125_L008_R1_001,Lab1,TrueSeq,NA,3
6,iso_snp_central_supp_mean,TruSeq_Plasma_3_S125_L008_R1_001,3.05430932704,TruSeq_Plasma_3_S125_L008_R1_001,Lab1,TrueSeq,NA,3
7,iso_snp_seed_mean,TruSeq_Plasma_3_S125_L008_R1_001,1.84761904762,TruSeq_Plasma_3_S125_L008_R1_001,Lab1,TrueSeq,NA,3
8,isomiR_mean,TruSeq_Plasma_3_S125_L008_R1_001,35.2060548207,TruSeq_Plasma_3_S125_L008_R1_001,Lab1,TrueSeq,NA,3
9,ref_miRNA_mean,TruSeq_Plasma_3_S125_L008_R1_001,197.89194499,TruSeq_Plasma_3_S125_L008_R1_001,Lab1,TrueSeq,NA,3
0,iso_3p_sum,TruSeq_Plasma_4_S126_L008_R1_001,27949,TruSeq_Plasma_4_S126_L008_R1_001,Lab1,TrueSeq,NA,4
1,iso_5p_sum,TruSeq_Plasma_4_S126_L008_R1_001,180624,TruSeq_Plasma_4_S126_L008_R1_001,Lab1,TrueSeq,NA,4
2,iso_add_sum,TruSeq_Plasma_4_S126_L008_R1_001,76813,TruSeq_Plasma_4_S126_L008_R1_001,Lab1,TrueSeq,NA,4
3,iso_snp_sum,TruSeq_Plasma_4_S126_L008_R1_001,166916,TruSeq_Plasma_4_S126_L008_R1_001,Lab1,TrueSeq,NA,4
4,iso_snp_central_sum,TruSeq_Plasma_4_S126_L008_R1_001,8045,TruSeq_Plasma_4_S126_L008_R1_001,Lab1,TrueSeq,NA,4
5,iso_snp_central_offset_sum,TruSeq_Plasma_4_S126_L008_R1_001,90,TruSeq_Plasma_4_S126_L008_R1_001,Lab1,TrueSeq,NA,4
6,iso_snp_central_supp_sum,TruSeq_Plasma_4_S126_L008_R1_001,1186,TruSeq_Plasma_4_S126_L008_R1_001,Lab1,TrueSeq,NA,4
7,iso_snp_seed_sum,TruSeq_Plasma_4_S126_L008_R1_001,102,TruSeq_Plasma_4_S126_L008_R1_001,Lab1,TrueSeq,NA,4
8,isomiR_sum,TruSeq_Plasma_4_S126_L008_R1_001,209325,TruSeq_Plasma_4_S126_L008_R1_001,Lab1,TrueSeq,NA,4
9,ref_miRNA_sum,TruSeq_Plasma_4_S126_L008_R1_001,21450,TruSeq_Plasma_4_S126_L008_R1_001,Lab1,TrueSeq,NA,4
0,iso_3p_count,TruSeq_Plasma_4_S126_L008_R1_001,2785,TruSeq_Plasma_4_S126_L008_R1_001,Lab1,TrueSeq,NA,4
1,iso_5p_count,TruSeq_Plasma_4_S126_L008_R1_001,6167,TruSeq_Plasma_4_S126_L008_R1_001,Lab1,TrueSeq,NA,4
2,iso_add_count,TruSeq_Plasma_4_S126_L008_R1_001,2569,TruSeq_Plasma_4_S126_L008_R1_001,Lab1,TrueSeq,NA,4
3,iso_snp_count,TruSeq_Plasma_4_S126_L008_R1_001,5002,TruSeq_Plasma_4_S126_L008_R1_001,Lab1,TrueSeq,NA,4
4,iso_snp_central_count,TruSeq_Plasma_4_S126_L008_R1_001,521,TruSeq_Plasma_4_S126_L008_R1_001,Lab1,TrueSeq,NA,4
5,iso_snp_central_offset_count,TruSeq_Plasma_4_S126_L008_R1_001,38,TruSeq_Plasma_4_S126_L008_R1_001,Lab1,TrueSeq,NA,4
6,iso_snp_central_supp_count,TruSeq_Plasma_4_S126_L008_R1_001,486,TruSeq_Plasma_4_S126_L008_R1_001,Lab1,TrueSeq,NA,4
7,iso_snp_seed_count,TruSeq_Plasma_4_S126_L008_R1_001,64,TruSeq_Plasma_4_S126_L008_R1_001,Lab1,TrueSeq,NA,4
8,isomiR_count,TruSeq_Plasma_4_S126_L008_R1_001,8442,TruSeq_Plasma_4_S126_L008_R1_001,Lab1,TrueSeq,NA,4
9,ref_miRNA_count,TruSeq_Plasma_4_S126_L008_R1_001,477,TruSeq_Plasma_4_S126_L008_R1_001,Lab1,TrueSeq,NA,4
0,iso_3p_mean,TruSeq_Plasma_4_S126_L008_R1_001,10.0355475763,TruSeq_Plasma_4_S126_L008_R1_001,Lab1,TrueSeq,NA,4
1,iso_5p_mean,TruSeq_Plasma_4_S126_L008_R1_001,29.2887952003,TruSeq_Plasma_4_S126_L008_R1_001,Lab1,TrueSeq,NA,4
2,iso_add_mean,TruSeq_Plasma_4_S126_L008_R1_001,29.8999610743,TruSeq_Plasma_4_S126_L008_R1_001,Lab1,TrueSeq,NA,4
3,iso_snp_mean,TruSeq_Plasma_4_S126_L008_R1_001,33.3698520592,TruSeq_Plasma_4_S126_L008_R1_001,Lab1,TrueSeq,NA,4
4,iso_snp_central_mean,TruSeq_Plasma_4_S126_L008_R1_001,15.4414587332,TruSeq_Plasma_4_S126_L008_R1_001,Lab1,TrueSeq,NA,4
5,iso_snp_central_offset_mean,TruSeq_Plasma_4_S126_L008_R1_001,2.36842105263,TruSeq_Plasma_4_S126_L008_R1_001,Lab1,TrueSeq,NA,4
6,iso_snp_central_supp_mean,TruSeq_Plasma_4_S126_L008_R1_001,2.44032921811,TruSeq_Plasma_4_S126_L008_R1_001,Lab1,TrueSeq,NA,4
7,iso_snp_seed_mean,TruSeq_Plasma_4_S126_L008_R1_001,1.59375,TruSeq_Plasma_4_S126_L008_R1_001,Lab1,TrueSeq,NA,4
8,isomiR_mean,TruSeq_Plasma_4_S126_L008_R1_001,24.7956645345,TruSeq_Plasma_4_S126_L008_R1_001,Lab1,TrueSeq,NA,4
9,ref_miRNA_mean,TruSeq_Plasma_4_S126_L008_R1_001,44.9685534591,TruSeq_Plasma_4_S126_L008_R1_001,Lab1,TrueSeq,NA,4
